Gender,Total transaction count
M,6720
M,8107
F,7935
M,8265
M,9967
F,5238
M,6638
M,6874
F,6624
M,8279
M,7870
M,6035
M,6039
M,8717
F,5060
M,6324
F,6033
M,5129
F,7164
F,8295
M,7273
F,9146
F,9693
F,8899
M,7940
M,7849
F,5861
F,9429
M,5255
F,5126
F,6591
M,9818
F,8128
F,8496
M,6841
M,6271
M,9363
M,9489
M,9620
F,6228
F,6079
M,9266
F,7874
F,8886
M,5108
F,7889
M,8127
M,6529
F,5551
M,9906
F,6331
F,6487
F,9862
F,5206
F,7816
M,5904
F,6298
M,5248
F,9331
F,6619
M,8136
F,9816
M,6498
F,8008
M,7580
M,7047
F,5709
M,5277
F,8373
F,7395
M,8298
F,8199
M,6269
F,9988
F,6391
F,9697
M,5250
M,8374
M,8207
F,6047
F,6335
F,7237
F,6382
F,7451
F,6302
M,9173
M,7058
M,7755
F,8001
F,5561
F,5077
M,7679
M,5246
F,9515
M,8944
M,7852
M,8890
F,7001
F,6790
F,6948
M,9362
M,5929
M,6264
M,5013
F,8400
F,7671
F,8383
M,5187
M,8886
M,9031
F,6883
M,5027
F,5323
F,9261
F,6814
F,6940
F,9161
F,9666
M,7956
M,7885
F,7338
M,7818
F,5860
M,9724
F,8780
F,5057
F,6679
F,7135
M,6571
M,6467
M,5999
M,5574
M,7285
F,5319
M,5821
M,5243
F,5842
M,6427
M,5039
F,9810
M,7803
M,5100
M,7597
F,7809
M,7227
M,9816
M,6285
M,9421
F,6463
M,5832
M,7761
M,6700
M,7619
F,6665
F,6062
F,5677
F,7904
F,9355
F,8654
M,5078
M,7382
F,5125
F,7057
F,6206
F,7372
M,7847
M,6069
M,7260
M,5664
F,5809
F,5274
F,7648
F,9144
F,8234
M,9709
F,9218
M,8950
F,6287
F,6458
M,5876
M,5769
M,5695
M,7812
F,5579
F,8855
M,9143
F,8488
M,7498
F,6916
M,8621
F,7707
F,8440
M,6980
M,6879
F,6481
F,6291
M,7420
M,5949
M,8604
F,7524
M,5023
M,5414
F,6743
M,8099
M,9613
M,5430
M,7934
M,9713
M,6503
M,6215
F,6637
M,5870
M,9879
M,5832
F,8210
M,5990
F,5119
M,5138
M,8766
M,6073
F,9660
M,5462
F,7019
M,6350
M,5148
M,6280
F,9096
M,7602
M,9875
M,9490
F,7785
F,7412
F,8002
M,7144
F,8606
F,5352
F,9486
M,5588
F,6307
M,9834
F,7830
F,9330
F,6006
F,9464
F,9518
M,5876
F,8811
M,5453
F,7918
F,9944
F,9895
F,5876
M,9696
F,6719
F,6615
M,8178
M,5679
F,9842
F,5865
M,5804
F,9161
F,9545
F,9845
F,9467
F,5870
F,5487
M,5532
M,6915
M,8047
F,5816
M,5365
F,7451
F,8894
F,5699
F,9721
M,7100
F,6351
M,7250
F,5840
M,6411
M,9846
M,5574
M,9220
M,6533
M,7641
F,6532
F,9414
F,8862
F,7364
M,7454
F,9285
M,6508
F,6497
F,9144
M,5599
F,5482
F,9324
M,7766
F,9501
F,6316
F,9721
F,7112
M,9462
M,6591
F,8157
M,8741
F,9732
M,5760
M,9457
M,5299
M,5282
F,8509
F,9257
F,6853
M,7007
M,5397
M,6883
M,9783
F,8526
M,6917
M,6703
F,9343
F,9471
F,8199
F,9154
M,6972
F,8268
M,6711
F,8700
M,6860
F,5313
F,6795
F,6825
F,8357
F,9397
F,7170
M,5031
M,8205
F,5450
M,5468
M,8216
F,8733
M,9091
F,7883
M,7966
M,9963
F,5672
F,7875
M,5522
F,6283
M,6990
M,8203
M,6406
F,6418
M,7177
F,5832
M,7176
F,7729
M,9073
F,8946
F,6485
F,9604
F,7306
M,9786
F,7096
F,6561
M,7859
M,6158
F,7036
F,7524
M,9786
M,9247
M,5203
F,9558
M,9738
F,8432
M,7494
M,9285
F,7333
F,7943
F,9144
F,6351
F,7335
M,5870
M,8525
F,9333
F,9860
F,6576
M,6003
M,9849
M,5808
M,5108
F,5553
M,8182
M,7938
F,9427
M,7454
F,5069
F,8350
M,9187
F,7033
F,5182
F,5527
M,8060
F,6891
M,8424
M,7072
F,9744
F,6334
F,8907
M,7914
F,7810
F,7176
F,5055
F,7784
M,6521
M,9312
F,9435
F,6712
M,8667
F,5401
F,6693
M,5664
M,6724
M,6795
F,6167
M,7859
M,5923
F,9609
M,8782
F,6446
M,7684
F,5350
F,5127
F,6147
M,8190
M,5740
M,7082
F,6427
M,6907
F,8200
F,9825
F,9033
M,6364
F,5647
M,6383
M,5111
M,6569
F,9198
F,9170
M,6438
F,6496
F,7839
F,8025
M,6580
M,6835
F,5375
F,7093
M,6556
M,7209
M,6261
F,9937
F,6813
F,7109
M,7948
F,9099
M,8919
F,9797
M,5329
F,8282
F,6283
M,6216
F,9718
F,9232
F,9193
F,8200
M,7591
M,5315
M,9756
M,9529
F,9080
M,7237
M,9043
F,8391
F,5117
F,7234
M,9180
F,5740
F,5672
M,9594
M,8356
F,7394
M,5918
F,8605
M,6521
M,8259
F,7669
F,5881
M,8841
M,9696
F,5220
F,8470
M,5612
F,8283
M,9058
F,5284
F,7029
F,6148
F,7448
F,8693
F,5702
F,7287
F,7049
F,8658
M,5118
F,6692
M,5720
M,9621
F,6512
F,7617
F,5379
M,7403
F,7833
F,5403
M,9529
M,8927
M,7621
M,7366
M,6627
M,5836
F,9703
M,9655
F,9790
F,8554
F,6840
M,7433
F,6577
F,9540
M,8677
F,5606
M,5876
M,8674
M,5455
M,9825
F,5271
M,5459
M,5457
F,7865
F,6743
F,5777
F,9200
M,8428
M,9419
F,8456
M,7198
M,5026
M,6925
M,6547
F,7730
M,6355
F,7512
M,8390
M,8968
M,6460
M,6659
M,7358
M,8431
M,8438
F,7080
M,8413
F,7260
F,7882
F,8170
F,9394
M,5981
F,9478
M,7610
F,8809
M,8354
F,7826
F,7793
F,7717
F,6876
M,6584
M,6421
F,6642
M,7953
F,9627
M,7818
M,5306
M,6352
M,5255
F,6484
F,5658
F,7341
F,6919
M,5419
F,7388
F,6478
F,6099
M,8629
F,9659
F,7440
M,7732
M,5572
M,7496
M,9809
F,7489
F,5923
F,6523
F,9369
F,6661
F,6140
F,8824
M,7785
F,5451
M,6544
F,8944
F,5288
F,6190
M,9836
F,8453
F,9309
M,8260
M,8185
F,5840
F,5557
M,6607
M,9262
M,6200
F,7548
F,6386
F,6240
F,7132
M,5380
F,5452
F,7325
F,7203
M,7792
F,9817
F,8648
M,9699
M,8245
F,6306
F,7994
F,8495
F,5627
F,6016
M,9828
F,5930
F,5105
M,5642
M,5774
M,7890
F,7701
M,5039
M,8294
M,9186
M,6504
M,7219
F,9310
F,6263
F,5083
F,6919
F,5461
M,5985
M,7636
M,7827
F,7416
F,5896
F,7004
F,7487
M,5362
F,7134
F,8483
M,9755
F,9419
F,9825
M,6715
M,7863
M,5805
F,5413
M,7925
F,6385
M,8488
M,8817
M,5228
M,5187
M,8050
M,7752
M,8466
F,9580
F,8379
F,6144
F,6500
M,7803
F,6221
M,6950
M,9595
F,8849
M,7592
M,7232
M,6121
M,9382
F,6496
F,9181
M,6812
M,7470
M,8930
M,9751
F,9426
F,7714
M,6309
F,8603
F,9923
M,5736
F,5814
F,8437
M,5453
M,9569
M,5762
M,7544
F,6394
F,9800
M,7445
F,7601
M,8484
M,7809
M,6483
M,6464
M,9221
F,6755
M,7729
M,5958
F,7676
F,5699
M,8811
F,6023
F,6495
M,6425
M,7542
F,7010
M,7951
M,7336
F,8597
M,9235
M,7937
M,6171
F,6668
M,7602
M,5384
F,5106
M,5208
F,9031
M,6432
F,7279
F,7459
M,6197
F,6641
F,7906
F,8762
M,5486
F,6878
M,8951
F,5758
F,5508
M,5606
F,6873
F,5007
M,7056
M,5337
M,7618
F,9766
M,8185
F,7944
M,7676
F,6478
M,8463
M,5939
M,8259
M,8955
F,5828
M,9414
F,8942
M,6929
F,7861
M,9303
M,9331
F,5479
F,7508
M,9369
F,9536
M,5587
M,6700
M,9694
F,8742
M,6584
F,6100
M,9560
F,6467
F,7500
M,5793
F,5599
F,6418
M,6210
M,7378
M,7763
M,6393
M,6283
M,5666
M,7094
F,6937
F,5563
F,6991
M,8567
F,5093
F,5686
F,8561
F,5604
F,5268
M,8250
F,7417
M,5696
M,6152
F,9585
F,9405
F,8622
F,6708
F,6694
F,8404
F,8454
F,7890
F,7840
M,9622
M,7458
F,8495
F,5718
F,9379
F,9196
F,6900
M,7401
M,5045
M,8692
M,6538
M,8589
F,9564
M,5983
M,8163
M,6698
M,8320
F,7917
M,6710
F,5197
F,7911
F,9453
F,9402
F,5022
M,5704
M,7760
M,7765
F,5441
M,8368
F,9674
M,6494
M,8719
M,7407
M,6928
F,9857
M,8482
F,8152
M,6576
M,7724
M,8939
M,8388
F,6047
M,9912
M,7299
F,6582
M,8415
F,7408
M,9087
M,8602
M,7128
M,5552
F,8322
M,9766
M,7869
F,7779
F,8803
M,5532
M,7412
M,7423
F,9964
F,6868
M,6625
F,5036
F,8328
F,6672
M,5246
F,6216
M,9545
F,9400
F,5490
F,6052
M,5204
M,7109
M,8855
F,8912
F,9885
F,7772
F,6366
F,9979
F,7815
F,8047
F,5335
M,8964
F,9184
F,9187
M,9449
F,7852
M,5849
M,7764
M,6107
M,6133
F,5071
F,7840
M,9222
M,6202
F,7691
F,7515
M,8799
F,6482
F,5947
M,9871
M,8587
M,6548
M,7275
M,6800
M,8043
F,7930
F,5003
M,8186
F,9102
M,6796
M,6820
M,7021
F,7838
M,9140
M,5308
F,5359
F,8382
M,7555
M,5577
F,8514
M,8158
F,9736
F,6366
F,9597
M,9892
M,9838
F,8105
F,6082
F,7411
F,6262
F,8977
F,9777
M,5131
M,7771
M,8720
M,6400
M,8034
F,5495
F,6342
F,9133
M,6037
F,6270
M,7660
F,7046
M,7072
M,6203
M,9195
F,9754
F,9277
M,6042
F,8518
F,8008
M,9981
F,8181
F,9694
F,5394
F,9634
M,5234
M,9434
F,8339
M,8762
F,9036
M,7508
F,6859
M,6779
F,9922
F,9880
F,7035
F,7527
F,6866
F,6504
F,7653
F,5263
M,5128
F,8429
F,8051
F,9148
F,6482
M,9171
M,7480
F,7023
M,9300
M,7932
M,6396
M,8326
M,9332
F,8388
F,5968
F,5600
F,7161
F,5183
M,7511
F,8304
F,8126
M,7973
M,6033
F,6139
M,5482
M,6904
F,9570
M,9757
F,9155
M,5451
F,9065
F,5460
F,7432
F,5109
M,8173
F,8448
F,7910
M,8830
F,8929
M,6707
F,7029
F,5673
M,8061
M,6391
M,5630
M,6608
M,8027
M,6967
F,5445
F,5913
M,8132
M,8148
F,6056
M,6056
F,5156
M,9753
F,6651
F,8406
M,6951
F,5492
F,7572
F,5544
F,8353
F,9663
M,6555
M,5464
M,8952
F,6330
F,8719
M,5869
F,5645
M,8769
F,8236
F,6213
F,7106
M,8177
M,9575
F,7306
F,9136
M,8374
F,7060
M,6563
M,8596
F,8262
M,8754
F,5136
M,5194
M,7224
M,6238
F,7578
M,7732
F,5332
M,8704
F,9271
F,6898
F,6217
M,8491
M,5686
M,9599
F,6987
M,8194
F,9836
M,8727
F,9725
M,7164
M,5879
F,6664
M,7894
F,7444
F,6620
M,7390
M,7634
M,5677
F,7486
F,6987
M,9039
M,9553
M,6367
M,8875
F,5994
M,9163
F,9832
F,5682
M,8298
F,5406
F,8309
M,6712
M,8104
F,8179
M,7117
M,9223
F,7439
F,5711
M,8754
F,7786
M,7280
M,5286
F,9641
F,5490
F,7646
F,5448
F,9198
F,5528
M,5475
M,7536
F,9933
F,7758
M,7443
F,9113
F,9553
F,6170
M,7929
M,5013
M,5589
F,9588
F,5060
F,9038
M,6588
M,8439
F,6204
F,6997
M,8345
M,5861
M,5840
M,7738
F,7174
F,9007
F,5918
F,8332
M,6013
F,7302
M,8058
M,9069
M,8379
M,7205
F,5803
F,7839
M,9046
M,6504
M,5435
F,5356
F,6299
F,9932
M,9456
M,9067
F,7209
M,5902
F,5436
M,5295
F,7394
F,6963
M,7395
F,9280
M,6348
F,6531
M,6845
F,6093
F,6481
M,9114
M,8603
M,9923
M,5737
F,7284
M,6588
M,6086
M,9803
M,9737
M,7566
F,9088
F,6687
M,6279
M,6304
F,5671
M,9595
F,6389
F,6091
F,9844
M,6065
M,6859
M,5305
F,8403
M,9314
F,8973
M,9296
M,7531
F,5473
M,7894
F,8484
M,9564
M,5022
F,7125
M,8113
F,6532
F,6169
M,8391
M,5439
F,7984
M,5800
F,9121
F,8737
M,8555
M,9248
M,9098
F,6603
F,5040
F,7358
M,6107
F,8144
M,7111
M,6459
F,5583
F,5759
F,7990
F,8892
M,7896
M,9708
M,5082
F,7846
F,5734
M,5122
F,5726
F,7588
F,7119
M,9674
M,7385
F,9329
M,6064
M,7776
F,8648
M,9711
F,5357
M,9629
F,8784
F,5828
F,6035
M,5114
F,6713
M,7276
F,9105
M,9634
F,5249
M,5024
F,8041
F,9763
M,9238
F,6903
F,5477
M,6600
F,9673
F,9295
M,6791
M,7661
M,7940
F,7993
F,8038
F,7464
M,8254
F,7373
M,5910
M,9431
F,5220
M,5264
M,8480
F,8850
M,9373
F,9215
F,7820
M,7025
M,9026
M,6870
M,5089
F,6063
F,9936
F,9140
F,6545
M,5263
M,9289
M,9893
F,5655
M,8178
F,5935
M,6154
F,6584
M,6142
F,7799
M,5972
F,6472
F,8788
F,7460
F,7941
F,9202
M,6148
F,6745
M,7185
M,6099
F,5298
M,7328
M,8466
M,7436
M,6335
M,5814
M,6155
F,5948
F,9902
M,7741
F,5609
F,9609
M,9753
F,5763
F,7997
M,6626
F,9208
F,6407
M,6880
M,7316
M,7112
F,6481
M,8171
M,9087
M,8553
F,7510
M,7763
M,5807
M,6988
M,7361
M,5429
M,7527
M,9138
M,6891
M,9722
F,9633
M,8810
F,9638
F,6218
M,5398
F,7055
F,7325
F,6637
F,8213
F,6234
M,7484
F,6056
F,8030
F,8600
M,9054
M,9549
F,5372
F,7857
F,6520
M,9049
M,7682
M,8812
M,5517
F,7748
M,6176
F,9221
F,8751
M,7088
F,9064
F,7580
M,7443
M,7914
F,8968
M,7608
M,6972
M,8992
F,8076
F,8966
M,8871
F,9273
F,9054
F,9032
M,9902
F,5586
M,5112
M,6272
M,6060
F,5594
M,6331
F,8584
F,8301
F,8766
F,8366
M,8478
M,6603
F,9058
F,8200
M,6804
M,8727
F,7872
M,6129
M,5720
M,5244
F,7270
M,8733
M,8574
F,6399
M,6631
M,8354
M,5234
M,7291
F,6063
F,8189
M,5292
F,6255
F,8600
M,6851
M,9538
M,6474
F,7905
M,6282
M,8776
M,8673
M,6518
F,8362
M,6129
F,8166
M,6643
F,9977
M,8648
M,8938
F,9580
M,7316
F,6774
M,5996
M,9369
M,8095
M,8510
M,5694
F,9998
M,7104
M,8558
F,7203
M,8097
F,6089
M,6509
M,7204
M,6874
M,9297
M,6063
F,6940
F,7976
M,5348
F,8861
M,9223
F,5423
M,8132
M,5364
M,8469
F,8042
M,8989
M,5095
F,9965
M,6620
F,6844
F,6129
M,6511
M,9958
F,5057
M,9502
F,9619
F,5479
M,7282
F,6377
F,9174
M,6715
F,9035
F,7527
F,9569
F,5243
F,6098
M,8404
F,9000
F,8819
F,7142
M,5211
F,7060
F,5358
F,6148
F,8932
M,8521
M,7896
F,8405
F,9857
F,8508
F,6472
F,8987
M,8909
F,9496
M,7343
F,5907
F,5379
M,7483
F,9192
F,9271
F,6493
F,5882
F,7912
F,5037
M,8489
F,9791
M,9460
F,6870
M,5884
M,5945
M,8091
F,9665
M,6898
M,6616
F,7060
M,5513
M,6486
F,7142
M,9123
M,6598
F,5066
M,8882
M,7607
F,9694
F,9727
F,8748
F,8852
M,9855
M,7912
F,8975
F,9159
M,7994
F,8215
F,5516
M,8712
F,7404
M,6589
F,6139
M,5795
F,7272
F,5818
M,9100
M,5499
F,7140
F,5323
F,8834
M,5897
M,8652
M,7347
M,5768
F,8168
M,5958
M,7976
M,6066
F,8161
M,9008
F,6773
M,8133
M,8265
M,9380
M,9208
F,9235
M,5416
M,8851
M,8628
M,7765
M,8608
F,6528
M,9736
F,5223
F,6124
F,9471
M,9905
M,5678
M,8661
M,6256
F,8809
M,9527
M,5663
F,5369
M,8505
M,7771
F,6903
F,8153
M,8357
F,7641
F,6711
F,8681
M,9055
F,7875
M,9365
F,5849
M,7438
F,8975
M,7369
F,6723
M,9274
F,5734
F,6776
F,9095
M,8580
M,9324
M,8292
M,5638
M,7799
F,7417
M,5890
F,9102
F,9389
F,7047
F,5748
F,8454
M,8876
F,7750
F,5852
F,8443
F,5467
F,6839
M,8353
F,6445
M,8185
F,9156
F,8067
M,9868
M,6245
F,5771
F,6306
M,5679
M,6554
F,9833
M,6723
F,5035
F,7579
M,8460
M,9704
M,6307
M,8150
M,5254
M,7878
F,5842
F,8922
F,9248
M,5091
F,6784
F,9021
F,6979
M,6562
F,9197
M,8411
F,9314
M,5518
F,7552
F,9301
M,8003
M,9073
F,5561
M,7890
F,6882
F,8726
M,7654
M,8477
M,8751
M,6248
F,6180
F,5136
M,6620
M,9600
M,6687
F,6987
F,9164
M,9399
F,6218
M,5730
F,9487
M,7986
F,7162
F,6418
M,9533
F,8682
M,6660
M,6129
M,7631
M,5016
F,5248
M,5321
F,7117
F,6400
M,8278
M,6289
F,9349
F,8519
M,7836
F,6116
F,5955
M,9779
F,9600
F,7992
F,7653
F,6978
M,6225
F,6930
M,8154
M,6109
M,6728
F,9635
M,8671
F,9425
F,7438
M,5751
M,9660
F,7181
M,5862
F,8334
M,5301
F,7441
F,8487
M,7965
M,7288
M,6508
F,6788
M,5757
M,7346
M,7481
F,5031
F,6856
M,8731
F,5148
F,6533
M,7075
M,6095
M,9022
M,8585
M,8751
F,6814
F,9437
M,9172
M,8652
F,7952
M,7513
F,7807
F,7727
F,8978
M,8060
F,6969
M,9612
F,8854
F,9658
F,8462
F,5496
F,7364
M,8982
F,6183
F,7009
M,7023
M,5486
F,5381
F,9081
M,6070
F,9463
F,5847
F,7957
M,8124
M,7046
F,7695
F,9330
F,9318
F,6222
F,5877
F,8032
M,7022
F,8065
F,8002
M,9362
F,7745
F,9961
F,6648
F,5785
M,5728
M,9160
F,8240
F,5930
M,7339
F,5739
M,5154
M,7504
M,6026
M,8914
M,7149
M,6644
M,7499
F,5513
F,5748
M,8348
M,6353
M,8517
F,8179
M,8894
M,8319
M,7018
F,6904
F,6800
F,6128
M,7479
M,8811
F,6359
F,5459
M,6055
F,5306
M,7338
F,9898
F,6304
F,8526
F,9277
F,7347
F,8556
M,6904
M,9912
F,6474
F,9948
M,9921
M,6049
M,6103
M,7240
M,9433
F,7606
F,5157
M,5900
M,8472
F,7400
M,6373
F,9428
F,9061
M,5961
M,9291
F,8539
M,6729
M,5251
F,7502
F,9410
F,6731
M,8943
M,9639
M,8553
M,5034
F,7724
M,5509
F,6333
F,5770
F,8148
F,5948
F,7487
F,9143
F,5353
M,7090
M,6192
M,7535
M,5445
F,7490
M,7397
F,5005
F,6549
F,6767
M,6115
F,8905
M,7472
M,7501
M,8184
M,8860
M,6242
M,6445
F,6715
F,6434
F,6921
F,7971
F,5540
F,6779
F,6824
F,9949
F,9574
F,6373
F,8150
M,5768
F,9855
F,7846
M,5377
F,8814
M,8146
F,9707
F,7352
M,8381
M,8634
M,9983
F,9997
M,9245
M,5011
M,5578
F,7232
F,7991
M,9581
F,9393
M,6055
M,7521
M,7818
M,8419
M,7845
F,8702
M,8007
F,9233
M,9017
M,7984
M,6032
M,9045
M,8753
F,9390
F,7012
M,6750
M,7029
M,7584
F,8625
F,8294
F,9627
F,9774
F,6598
M,8369
M,7110
M,8901
F,6538
M,9161
M,5423
F,6073
F,8972
F,5338
F,7917
M,7976
M,9685
F,7855
M,6239
F,6156
M,8966
F,8984
M,6414
F,8852
M,5035
F,7549
F,8769
M,6636
F,8721
F,6662
F,5013
F,5794
M,5702
M,7663
M,7093
F,6912
M,6133
M,8809
F,6443
M,7629
M,8165
M,8600
M,8602
F,7463
M,9340
F,7861
F,5720
M,6649
M,8297
M,6878
F,6676
M,5586
F,6626
F,9220
F,7433
F,5882
F,5642
M,9631
F,5371
F,5739
M,7801
F,9684
M,6796
F,5302
F,7158
M,7861
F,9045
M,8369
F,9604
F,6455
M,8951
F,6449
F,8759
M,6849
F,8405
M,7979
M,9171
F,6260
M,5387
F,5577
M,5211
F,6323
M,7812
M,8481
M,6379
F,8340
M,8121
F,9433
F,9885
M,5468
M,6548
M,8232
M,9446
M,6429
F,6001
M,6893
M,9328
F,5667
F,6370
M,8068
M,9654
M,5663
M,8280
M,6398
F,9909
M,5247
F,8616
F,6218
M,5690
F,6016
M,5387
M,8973
F,6347
M,7782
F,8866
F,5859
M,9849
F,8950
F,6695
M,9891
F,5885
M,6728
M,6019
F,8212
F,8246
F,6234
F,7233
F,6043
M,6785
M,5416
M,9166
M,6761
M,7388
M,5673
M,6245
M,9841
F,8319
M,7634
F,6694
M,8511
M,5783
F,9862
M,9771
M,6796
M,9802
M,8069
M,9338
F,8845
M,8181
M,7597
F,5670
M,6253
M,8797
F,8894
F,6629
M,6661
M,6759
F,7098
M,7099
F,8068
F,8938
M,5882
F,8929
F,9793
M,7676
M,7808
F,8713
F,5106
F,8431
M,6261
F,7700
F,5386
M,6656
M,6259
M,6826
F,7677
M,8159
M,5090
F,7939
M,5120
M,9013
M,9131
M,5919
F,5102
M,8709
M,6663
F,7236
M,8700
M,9355
M,5108
F,7727
M,9868
M,9895
M,6518
F,5461
F,6349
F,5106
M,6960
F,5333
F,8269
M,9587
M,7696
M,8799
M,9150
M,5654
F,6583
F,8911
M,7404
F,6443
M,8085
F,8615
M,8209
M,6752
M,6486
F,7171
F,7933
F,6712
F,9957
F,7716
M,8512
M,9929
F,8553
F,9677
F,7872
F,8958
M,9387
F,8944
M,5689
F,7188
M,5018
F,6231
F,9889
M,8648
M,7786
M,5534
M,8035
F,9042
M,5519
F,9711
M,7772
F,9875
M,8448
M,5763
F,7809
F,9628
M,9307
M,7815
M,8354
F,8618
M,6380
F,7999
F,5779
F,9038
M,9346
F,9909
F,6393
F,9612
F,9163
M,6486
F,9409
F,6967
F,8658
M,6174
M,7330
F,6510
F,9512
M,5599
M,6789
M,5413
M,9185
F,9677
M,5937
F,5971
F,5070
F,9820
M,5801
F,9009
M,7474
F,6300
M,6901
F,6557
M,7682
M,8399
M,7757
F,8150
M,6892
M,5746
F,8277
F,9079
F,8821
F,6259
M,6344
F,7993
M,8018
M,8039
M,8300
F,7898
M,7073
F,8176
F,5079
M,7904
F,5914
F,7554
M,5724
M,8239
M,8374
F,8191
F,5120
F,7333
M,7392
F,5301
F,7373
F,8923
M,9468
M,7360
M,5728
F,9663
F,6953
F,9134
M,9437
M,9133
M,8664
M,8538
M,9246
F,5296
F,8419
F,6934
M,7072
F,8050
M,8541
F,7663
F,5812
F,8169
F,8246
F,5782
F,9687
F,9056
M,9944
M,8738
F,9135
F,6465
F,5234
F,7590
M,7628
F,7758
F,8700
F,7197
F,5281
M,6919
F,8476
F,6873
M,5806
M,7831
F,7090
F,8020
F,6789
F,6640
M,6254
F,7651
M,6825
F,7406
M,7450
F,5612
F,6386
M,8800
F,5278
M,6213
M,8621
M,5813
F,6673
M,5040
M,7234
F,8562
F,6818
M,6320
M,5551
M,8119
M,6629
F,5163
F,6783
M,7625
M,5037
F,8550
F,6176
F,5070
F,5041
F,5642
F,7384
M,5813
M,8582
F,8028
F,8938
M,6670
F,9208
F,7329
M,7930
F,6794
M,7342
M,7288
M,7994
M,9550
M,9778
M,5613
F,6748
M,6650
M,5752
M,6677
M,8536
M,8488
F,5564
M,6603
M,7256
F,8082
M,6654
M,5574
F,6698
F,7002
F,5991
F,6847
M,6289
M,9219
M,9841
F,6801
F,6157
M,8293
M,6713
F,7713
F,7799
F,6112
F,5298
M,6726
F,8973
M,9078
M,8902
F,9360
F,5754
F,7022
M,6344
M,7173
M,5461
M,7695
M,9050
M,8910
F,7727
F,8667
F,6399
F,9236
F,9664
M,8738
M,7501
M,8346
F,7338
F,7161
M,6999
F,6709
M,6406
M,9361
F,7847
M,8625
F,8644
F,6283
M,6947
F,7859
F,7998
F,8183
F,7922
M,8996
F,8080
M,7220
F,7201
F,6340
F,5960
M,6118
M,6889
M,8026
M,5689
M,9259
M,7265
F,6210
F,7940
M,7295
F,7313
F,7870
F,8046
F,6871
M,8508
M,9154
F,9931
M,5201
F,7291
M,9662
M,8101
F,9506
F,7831
M,6493
F,7260
M,6536
M,7916
M,7341
M,5447
M,5535
F,7021
M,5527
F,9709
M,8773
M,6572
M,8268
F,7634
F,6574
F,5709
M,8922
F,8648
F,5866
F,5152
M,7364
F,7181
F,5162
M,7532
F,6652
F,9589
F,6079
F,6017
F,5707
F,5582
F,9261
M,7804
M,8323
M,8360
F,6867
F,8590
F,9219
M,6924
F,8698
F,9033
M,6717
F,7609
M,6499
F,6959
M,5529
M,6158
M,6960
M,5579
M,8906
F,6969
M,5701
F,9210
M,6804
M,8621
F,5034
M,8570
F,5508
F,6849
M,6101
M,9449
F,6287
M,8999
M,7403
M,9980
M,5690
M,9539
M,6616
F,9166
F,8417
M,5378
F,5448
F,7770
M,5188
M,9952
M,6773
M,6358
M,8759
F,8933
F,7722
F,6722
M,7524
F,6692
F,9814
F,9907
F,9368
M,7210
F,8586
M,9787
F,5999
F,7017
M,5459
M,8317
M,8245
F,6450
M,8623
M,7257
F,9377
M,8974
M,6492
M,7564
F,9746
F,9030
F,6699
F,8539
F,9469
M,8695
F,5448
F,5365
F,6456
F,9654
M,6675
F,7395
F,6383
F,7221
M,8058
M,5847
F,9923
F,6320
M,9928
F,9942
M,6962
F,8028
F,5796
F,6565
F,5437
F,6484
F,6626
F,6973
M,7626
F,8312
F,8072
F,9898
M,8610
M,7337
F,8782
F,5118
F,9138
M,6930
F,8629
F,7513
M,7319
M,5436
M,5256
M,8063
F,9052
F,9213
M,5063
F,7297
M,9965
F,7370
F,5686
F,7593
F,5149
M,6217
F,9793
F,5118
M,9375
M,8645
F,5917
F,7994
F,6370
F,6705
F,6126
M,6776
M,5528
F,8746
M,7590
F,5788
M,5394
M,7529
M,6284
F,8365
F,7421
M,6650
F,6855
F,9721
M,5682
M,7905
M,6719
M,7947
F,9003
M,5802
M,8588
M,7803
F,5682
F,5852
M,5879
F,7017
F,5579
F,7079
M,5520
F,8113
M,5085
F,9568
M,8469
M,6268
F,6997
F,9645
F,5793
F,6489
M,7054
M,8690
F,7428
M,6532
M,6021
F,9045
M,9126
M,7642
M,6620
M,8946
M,7292
F,6209
F,9682
M,7586
F,7018
M,9728
M,9848
M,9581
F,8468
M,9105
M,8396
M,7712
F,7800
M,8347
M,8581
F,8107
M,6918
F,5637
M,7976
F,5227
M,8398
F,7143
F,6877
M,5556
M,6839
F,7830
M,6557
F,7429
M,6554
F,6905
F,5699
M,8348
F,8383
M,7541
F,5012
F,5538
M,8762
F,8281
F,9792
M,7061
M,6982
F,5906
M,6001
M,5673
M,9709
F,8171
M,5735
F,6499
M,5844
F,8232
M,6008
M,6401
F,6882
M,5054
M,9190
M,8628
M,7770
F,6760
M,7972
M,7714
F,9218
F,8385
F,9945
F,8729
M,6578
M,7411
M,5887
M,8436
M,7241
F,7316
F,5974
F,8531
M,6312
M,9582
F,9225
F,8769
F,5808
F,7147
F,5679
F,9583
M,8214
F,8001
F,9839
M,6133
F,5806
F,8204
M,7554
F,7059
F,7725
F,7354
F,5523
F,8812
M,9674
M,5486
F,7480
M,5028
F,5353
F,5792
F,8596
F,5258
F,7041
F,6515
F,5344
F,5073
F,9340
F,7931
F,7093
M,5892
F,8126
M,5062
F,5437
F,9857
F,8413
F,8663
F,9808
F,9050
F,6877
F,5682
F,6190
M,5221
F,7269
M,7649
F,6074
M,6484
M,7118
M,6370
F,8146
F,8671
F,5862
M,7659
M,5230
F,7166
F,6338
M,7280
F,7013
F,7716
M,6141
M,6756
F,6018
M,7704
M,8058
M,8866
M,9409
F,7361
F,7203
F,5479
M,8335
M,7975
M,8953
F,7588
M,6321
F,9696
F,8679
F,7861
F,7699
F,5442
M,8968
F,7003
F,7677
F,7054
F,5796
F,5063
M,5076
F,5553
M,7617
F,8207
F,5640
F,5234
F,6662
F,6499
M,8827
F,8484
M,8238
M,8044
M,5722
F,8653
F,8720
F,5376
F,9200
M,9887
M,6397
M,7138
F,5286
F,9426
F,8183
F,9331
F,8767
F,9333
F,5423
F,8122
F,7283
M,6038
M,7474
M,8612
M,9782
F,9121
M,6316
M,8460
M,9834
M,9581
F,6507
F,8442
F,8433
F,7027
M,8361
M,8439
F,5745
M,5499
M,9714
M,5084
F,8344
F,8398
F,8927
F,8764
M,7063
F,5545
M,7942
M,6372
F,9051
M,8161
M,9905
F,8480
M,6414
F,9990
M,5389
F,8360
M,7525
F,9283
M,7847
F,7188
M,7333
M,9484
F,5412
M,6796
F,8650
M,8731
M,8453
F,5381
M,8081
M,9303
M,9295
M,6102
F,8254
M,9135
M,6373
M,5719
M,6021
M,7833
F,8506
F,6713
F,5340
F,6028
M,8267
F,9934
F,7019
F,5336
M,7908
M,8836
F,7274
M,7532
F,8476
F,6661
M,9131
M,5505
M,5320
M,7033
F,5476
F,7610
M,8082
M,9455
F,5823
M,5099
M,7753
F,8604
F,7040
F,6141
F,6198
M,5902
M,5781
F,5053
F,6652
M,6469
M,6925
M,6577
M,6084
M,6848
M,7711
M,6422
F,6497
M,8193
F,5946
F,6886
M,6836
M,9658
F,7015
F,9496
M,5687
M,8784
F,7975
F,6893
M,6155
F,6770
M,8757
M,7760
M,7888
F,7222
F,5537
F,8565
M,8861
F,9556
M,8543
F,6453
F,9463
F,7641
M,9982
M,8284
M,5356
F,7890
M,9664
F,8217
M,9489
M,8215
F,8370
F,9052
M,8451
F,5022
M,5825
M,6467
M,7862
M,9871
F,8287
M,6832
F,9362
M,9916
F,7998
F,8294
M,7784
F,6403
F,6171
F,6416
F,6006
F,6579
M,8711
F,8535
F,7222
M,8939
F,6429
F,7184
F,7457
M,7674
M,8059
M,5076
F,7555
M,9123
M,6354
F,5598
M,6658
M,7584
F,7596
F,8313
M,8997
M,7103
F,6806
F,6555
M,9746
M,6392
F,9028
F,9062
M,8037
F,5646
M,5935
M,5927
M,7260
F,6210
M,8106
F,7240
M,8575
F,9085
F,7418
F,6920
M,8789
M,7442
M,8165
M,7291
M,8339
M,7769
M,5755
M,5653
M,7502
F,5091
F,7280
M,6016
M,9303
F,8016
F,6463
F,8431
F,7724
M,5407
M,6050
F,9439
F,6804
F,8430
F,9336
M,6782
F,8533
M,6764
F,9252
M,6940
F,6042
F,8710
M,6775
F,6405
M,9546
M,9889
M,9488
F,8896
M,6000
F,7267
M,8121
M,9415
F,6758
F,7542
M,6265
F,7805
F,5672
F,8482
M,9273
F,8042
F,5139
F,8452
M,7169
F,8050
F,9147
M,8088
M,9802
F,9906
M,7427
F,7402
M,8151
M,5992
M,5902
F,5190
F,8687
F,9026
F,5941
M,6705
F,6316
M,9971
F,5342
M,6267
F,9264
M,6007
M,9576
M,6754
F,5224
M,6926
M,5554
F,7629
F,7894
F,7493
M,8308
F,8476
M,7102
M,5277
F,8807
F,6612
F,8933
M,7686
M,9178
M,6848
M,6087
M,7480
M,7870
F,8534
M,5731
F,6168
F,8213
F,8356
M,9718
M,9289
M,5067
M,6893
M,5842
M,8334
F,5731
F,6308
F,5108
M,9613
M,5594
F,8683
F,9989
M,6763
M,9021
F,6991
M,8168
F,7680
M,6431
M,7108
F,6044
M,7253
F,8319
M,6586
F,6138
F,8670
F,7353
F,6852
M,5358
M,9800
F,5110
F,5191
F,5818
F,5351
M,7124
F,7695
F,6325
M,5869
F,7936
M,5712
M,9133
F,6763
M,7634
F,9996
F,5487
M,6444
M,5776
F,7727
F,5517
F,6616
F,6607
F,8000
F,9143
F,6897
F,9361
M,8119
M,6908
F,9210
F,5985
M,8269
F,8544
M,5776
F,5628
M,6432
M,8413
M,6834
F,6472
M,8080
F,9200
F,9230
M,8577
F,6168
M,7567
M,5663
M,5075
M,8164
F,8545
F,5125
M,7102
M,5048
M,5020
F,7517
F,9807
M,5646
M,6482
F,5816
M,5910
F,6731
F,6944
F,7872
M,6457
F,6675
F,8744
F,7528
M,8844
M,7274
F,5254
M,7107
F,6145
F,6662
M,8645
M,7431
M,6226
F,5969
M,5012
F,8859
M,6219
M,8813
F,5930
F,9803
M,5469
M,7829
F,8547
M,7585
M,7510
F,7684
F,8751
F,9808
M,7689
M,8766
F,8708
F,8982
M,9788
M,8023
F,9536
M,5458
F,6317
F,8114
F,5600
F,8738
M,7000
M,6976
M,6344
M,5745
M,9651
F,5124
F,6964
M,6636
M,8247
F,9761
M,8855
F,9737
M,5513
F,5452
F,9880
M,7828
F,8298
M,8339
F,9622
M,5228
M,9310
F,7129
M,8786
F,5126
F,5282
F,8565
M,5900
M,9019
F,9777
F,8714
M,9227
M,8317
F,6087
M,5421
M,9599
F,5369
F,6150
M,5674
F,6927
F,6205
F,5584
M,5220
M,9125
M,9819
M,8777
F,6726
F,7698
M,5129
M,9199
M,7140
M,5293
F,8012
M,9469
F,7059
F,7319
F,7630
M,9966
M,8823
M,6029
F,6484
F,7958
M,7724
F,7187
M,9735
M,6390
F,7608
M,7277
M,9549
F,8898
F,6340
F,6811
M,7138
F,6069
F,6948
M,8037
M,7303
M,9115
M,8876
M,6965
M,6624
M,6462
F,8740
M,5338
M,5919
M,6310
F,5567
F,6671
F,8870
F,8973
M,7128
M,7794
M,6759
M,7293
M,8493
F,8377
F,5698
M,6451
F,8052
M,5387
M,9174
F,9766
F,5897
M,6006
F,9536
F,9681
F,8481
M,8832
M,7835
M,8376
F,6833
M,6241
M,9125
M,5564
F,9310
F,6645
M,8695
M,8847
F,5459
M,8298
M,9246
M,8051
M,5428
F,6872
M,6376
M,5277
M,9903
F,6943
M,6683
M,6167
M,8746
F,5108
F,6939
F,9931
F,6912
F,5699
F,5669
F,9660
F,5486
M,6373
M,5455
F,9902
F,6048
M,6396
F,5178
M,8514
M,8950
M,5206
F,5497
M,7348
M,9138
M,7068
M,9476
M,7458
M,9969
M,9711
F,5435
F,7056
M,9894
F,6660
F,9910
F,5547
F,9130
F,6844
F,8383
M,6645
M,8431
F,8875
M,8157
F,9683
M,9389
F,6629
M,7109
F,7176
F,8485
M,9031
F,9839
M,8019
F,5868
F,9644
F,9507
F,8406
M,7854
M,6636
M,7271
F,5579
M,7586
F,7942
M,7098
F,7841
M,8772
M,5627
F,8754
F,6331
F,9521
F,9454
M,9849
M,6213
M,7752
M,9772
M,8745
F,6304
F,9201
M,8513
F,6562
M,7546
M,5690
F,8033
F,7155
M,5456
F,8090
F,8636
F,5773
M,6819
M,9082
M,5038
F,6299
F,6896
M,7985
M,7552
F,7441
M,5623
M,7862
M,6764
M,7948
M,8678
F,7818
F,7471
M,9083
F,8843
M,9131
M,9427
M,5031
F,7413
F,8039
M,5160
F,9692
M,9419
F,7509
F,5915
F,7889
F,5141
M,6069
F,5963
M,5784
F,8971
M,5982
F,9324
F,6237
M,8772
M,7866
F,9993
M,7343
M,8472
M,5602
F,6373
M,5775
F,6129
F,7429
M,8597
M,8430
F,6932
F,7464
F,6284
F,5805
M,9525
F,9438
M,8304
F,5972
F,6653
M,5600
M,7088
F,9233
M,9969
M,5879
M,6587
F,9463
M,6668
M,5655
M,8558
M,5607
F,9356
M,7127
M,6233
F,7280
M,8696
M,7903
F,7911
M,6467
F,8586
M,5492
M,7775
F,9761
F,9795
M,5605
M,5293
M,7295
M,9274
M,9741
M,9640
F,5514
M,9226
M,5708
F,9886
F,6963
M,9063
F,6358
F,6610
M,6698
F,6026
M,8235
F,9865
F,6935
M,7967
F,9222
M,9907
F,9833
F,8296
F,8005
F,9635
F,8203
M,5769
M,9276
F,5881
M,6243
F,7672
M,7795
M,5224
M,9455
F,7827
F,9210
F,6481
F,6672
M,9212
F,8013
M,5169
M,5192
M,5581
F,5659
F,7056
F,5627
F,7863
M,5422
M,5571
M,9771
F,8969
F,7609
F,8216
M,9895
F,6545
M,7802
F,9902
F,7245
F,9748
M,5640
M,9910
M,5423
F,9470
M,8917
M,6983
M,8272
M,7534
M,9355
F,5728
M,6785
M,9071
M,5069
M,5739
M,7464
M,7171
F,9289
M,6028
M,8886
M,6484
F,5618
M,7992
F,9880
M,7322
F,5815
M,5351
M,9209
M,6929
M,8330
F,8630
M,9075
F,8999
M,6394
M,9564
M,9736
F,7021
F,8522
M,5031
M,7172
M,8276
F,7979
F,5530
F,6321
M,7250
F,6796
F,7997
F,5646
F,7417
M,9015
F,9465
M,9864
M,8328
F,6259
F,8337
M,6973
F,9050
F,5810
F,8542
M,8943
F,6216
M,9584
F,5793
F,6274
F,9558
M,8605
F,6196
M,9620
F,5281
F,9074
F,9806
M,6352
M,5025
F,6412
F,7669
M,6967
F,7040
M,5926
M,8651
M,5686
M,5196
F,6559
M,9570
F,5274
F,9058
F,9981
M,6353
M,5255
M,5769
F,6731
M,7869
F,5250
M,5958
M,7986
M,8592
F,7894
F,6454
F,8216
M,8817
F,8207
F,8501
F,6528
F,8240
M,7829
F,8333
F,8379
M,6387
M,9396
F,9610
M,5448
M,9038
F,6797
M,8402
M,5327
F,5995
F,7565
F,5651
M,5640
M,6991
M,7529
M,6937
M,8450
M,5317
M,9150
F,5851
F,9072
F,7932
M,5081
F,6715
F,8864
M,9468
F,5103
M,9542
F,6914
F,6619
F,6737
F,8445
F,6409
M,7592
F,6865
M,6038
F,8480
F,7905
F,7063
F,8981
M,9576
F,6985
F,5524
F,7866
M,9051
M,5121
F,8906
F,8943
M,6592
F,7097
F,7151
M,9247
M,6833
M,5715
M,8423
F,6115
F,6108
M,7464
F,7714
F,7199
M,9742
F,7088
M,8325
M,9685
F,8652
F,5515
F,8552
F,8360
F,9632
F,9779
M,8442
M,6543
F,7551
M,9090
M,6446
F,9417
M,5326
F,7331
F,9334
F,7906
F,5434
F,5135
F,5363
M,8072
F,5962
F,7115
M,6550
F,5321
M,7800
M,6020
F,6149
F,5919
M,9284
M,8358
M,6750
M,6415
F,8768
F,5685
F,5943
F,5305
F,9332
M,7069
M,5287
F,9668
M,6865
M,5238
F,9784
F,5828
F,6293
M,8443
F,5120
F,5892
M,8069
F,5730
M,5442
F,8158
F,8496
F,7237
F,9770
M,9897
F,6762
M,5797
F,7762
F,6556
M,5979
M,5008
F,5629
F,5637
M,8122
M,5949
F,8967
F,7317
F,8792
M,7681
F,9952
M,5457
M,9652
M,8240
F,9252
F,6964
F,6602
F,6725
F,8487
M,7685
M,6519
F,6980
M,9708
F,8318
F,9295
M,6152
M,6810
F,5922
F,7477
F,5988
M,6045
F,7489
M,6611
F,7938
F,9975
F,8387
M,6265
F,7544
F,9774
F,8358
F,5677
F,9810
F,5498
M,9227
F,8872
M,9838
M,6655
F,8988
M,5287
M,8228
M,5895
M,6046
M,7206
M,8607
M,6273
M,5696
F,5543
M,7818
F,9608
M,7845
M,9192
F,6190
M,7152
M,9346
F,7195
F,7289
F,6760
F,8922
F,5429
F,8156
M,5209
M,6701
F,6085
M,8676
M,5512
M,7464
F,6266
M,7176
M,7178
F,9623
F,8063
F,7101
F,5032
F,6993
M,9603
M,7167
M,7720
M,8849
F,5431
F,6589
M,6351
M,9741
M,6848
F,7111
F,5978
M,5780
F,7180
F,5530
M,8006
M,9502
F,7969
F,5243
M,5243
M,8351
M,6776
M,9495
M,5556
M,7226
F,9097
M,5139
M,9447
M,8391
F,6380
F,5063
M,6146
M,5120
F,7869
F,8820
M,8728
M,6905
F,8843
F,8566
F,6081
M,8096
F,9228
F,5220
F,9667
M,7126
F,5106
M,9085
M,9651
F,9981
M,9104
M,6862
M,8516
F,9162
F,7097
M,6637
M,8080
F,5103
F,8787
M,6584
M,8100
M,5974
M,5389
M,6237
M,5851
M,6045
F,6198
F,6618
M,6552
M,6827
F,9200
M,6974
F,6796
M,6658
M,5744
M,6738
M,9245
F,9880
F,7638
F,8242
F,5774
M,6738
F,5631
F,9228
F,6513
F,9864
F,6058
F,6237
M,7093
F,8065
M,9293
M,7076
M,9922
M,6881
M,9504
F,8860
F,5212
M,8795
M,5469
F,6837
F,5567
M,7288
F,9259
F,5511
M,6031
M,8920
F,7590
F,8580
F,8709
F,8085
F,8082
F,7569
F,5030
F,5419
M,6191
M,7988
M,8749
F,5114
M,9775
F,9559
F,9647
M,7225
M,6273
F,5043
F,5544
F,6753
M,5642
M,8758
F,7076
F,9712
F,5720
F,6022
M,8013
M,9497
M,8361
M,6317
F,5197
M,7819
M,6634
M,8624
F,7173
F,6842
M,9262
F,9765
F,5987
F,7980
M,6076
M,7484
F,6789
M,6173
F,5923
F,6286
F,8211
M,7991
F,8051
F,6115
M,7348
F,7920
M,6788
M,7270
M,5639
F,7237
M,7924
M,7634
F,8178
F,8722
M,9482
M,6204
M,8181
M,6708
F,9872
M,7870
M,6229
M,6413
M,9478
F,9267
M,6797
M,7858
F,8385
F,9831
F,6368
F,6348
M,9223
M,8135
F,8034
M,8728
F,6246
F,5315
F,6256
F,7512
M,8950
F,5493
F,9181
M,8521
M,8953
M,9558
F,8951
F,9256
F,7706
M,9617
M,7625
M,7884
M,8433
M,9218
F,5680
M,7262
M,7870
M,5044
F,8817
M,9236
F,8318
M,6603
M,9559
M,6762
F,9657
F,5260
M,8174
F,6395
F,9012
M,9875
M,9924
F,7935
F,9036
M,9161
M,6002
M,9929
M,5734
M,8430
F,7959
M,8991
M,5916
M,8275
F,8565
M,7018
F,7352
F,8920
M,9222
M,5781
F,8965
M,8114
F,9262
M,7327
M,7584
M,7215
F,6951
F,5376
M,5305
F,8189
M,8416
M,5505
F,9140
F,7082
M,8462
M,6198
M,5702
M,6204
M,5343
F,5010
M,6784
M,6679
M,7423
F,8791
F,5653
M,7726
F,9841
F,8651
F,8321
F,6591
M,9638
M,5210
M,6659
M,8153
F,7868
M,9045
F,5023
M,7664
F,9020
F,7345
F,5930
M,9671
M,8939
M,5180
M,6105
F,7431
F,6989
F,7661
M,5055
F,6358
M,9036
M,9445
M,9438
F,9508
F,9894
F,9645
F,8350
M,5886
M,5042
M,6174
M,5516
M,5000
F,5349
M,8410
F,9153
F,8742
M,8936
M,6077
F,9628
M,7518
F,5231
F,9715
M,7070
F,7773
M,9198
M,7152
M,8488
F,5562
F,9403
M,5133
M,7013
F,6543
F,5661
F,9371
M,5357
F,6628
M,5691
F,9783
F,8510
M,8572
M,9049
M,8608
M,7493
M,8098
M,7466
F,8184
F,7122
F,6557
M,9877
M,9663
M,6728
F,9569
F,8207
M,6874
F,9215
M,8129
F,9130
M,5560
M,9309
F,7927
F,5218
F,7066
M,6446
M,7460
M,9124
F,6262
F,6065
M,9151
F,9852
M,8855
F,9355
M,7714
F,8241
M,6855
M,9742
F,6672
M,8566
F,7067
M,5649
M,6433
F,7820
M,9982
M,6191
M,9278
F,6015
F,5208
F,9921
F,8098
F,9196
M,6941
M,7100
F,7771
F,8835
F,8945
M,6706
F,5372
M,5072
F,6233
F,9460
M,8449
F,8520
F,8292
M,7661
F,8031
F,6586
F,8139
F,9145
F,7207
F,7624
M,9908
M,8660
M,9927
F,9566
M,6595
M,9962
M,7681
M,9984
M,7185
F,8217
F,6699
F,5078
M,9225
M,5724
F,6140
M,8501
M,5014
M,6793
M,8270
M,7364
F,7907
F,5995
M,6828
F,6334
M,9936
M,5997
M,8586
M,7586
F,8841
M,5554
M,6214
F,6277
F,5637
F,5360
M,6205
F,9996
M,7087
M,6818
M,5686
F,7225
F,6345
M,9299
M,6272
M,7267
F,6235
M,8599
F,6403
F,8000
F,8162
M,9212
F,5188
M,8169
M,8319
M,5085
M,9394
F,8558
F,5722
M,8512
M,7688
F,5285
F,7718
M,7127
F,6528
F,5938
M,6985
F,9545
M,7469
M,9809
M,9511
F,6743
F,8564
F,5418
M,5423
F,9029
F,6069
F,6530
F,8923
F,7167
F,9191
M,6098
F,6418
F,6397
F,8220
M,6043
F,6011
F,8676
F,7348
M,5019
M,9843
F,9137
F,8362
M,8577
F,8191
M,6701
F,5902
F,6229
M,5517
M,5972
F,8961
M,5247
F,5482
M,7321
M,9030
M,6125
M,7454
F,5575
F,6438
M,8514
F,7295
M,6432
M,9690
F,7959
F,5267
M,5042
M,7265
F,9002
F,7238
M,5620
M,9544
F,9863
F,7137
F,5492
F,6221
F,5037
M,7895
M,7229
M,6812
F,7469
F,8616
F,9442
F,6688
F,7624
F,7306
F,7798
M,8394
M,5956
F,7333
F,6054
M,9394
M,8005
M,8918
M,8763
F,9562
M,6982
M,9291
F,8300
M,8625
M,7667
M,7750
M,6416
M,9595
F,6928
M,8280
F,5351
M,9937
M,5585
F,8214
F,8936
M,7137
F,7761
M,9128
F,6561
F,6442
M,5316
M,7010
F,6119
M,5263
M,6151
M,9891
M,5133
F,7219
F,6034
F,8040
F,8859
F,8458
F,8285
F,7491
F,9013
M,7012
F,8502
M,7179
F,9731
M,7134
F,8489
F,7765
M,7274
F,8723
M,8803
F,8165
F,9290
M,6410
M,6050
M,9850
F,7694
F,8525
M,7625
F,5571
M,5127
F,7907
F,8664
M,6722
F,5316
F,6715
M,9662
M,7085
F,5144
M,6066
M,6118
F,8212
F,8926
F,8145
F,7652
F,5159
M,8138
M,6941
M,6067
F,6228
F,8302
M,6161
M,5267
F,5095
M,5770
M,8496
F,8037
M,8699
F,6945
M,9409
F,5690
F,5975
F,5171
F,8903
F,8852
F,6277
F,5395
M,7265
M,9747
F,7574
F,7284
F,9501
F,6181
F,8694
M,5343
M,5666
F,5439
M,7623
M,8955
M,7545
F,5852
F,6248
M,9211
F,8277
F,9133
F,8729
M,9466
F,7613
F,6762
M,9948
F,9220
F,7042
F,8717
F,5688
F,9593
F,8530
M,8072
M,9517
M,6751
M,5911
M,7115
F,9042
F,5397
M,8749
F,7861
M,5911
F,9330
M,7054
F,8555
M,8120
M,9129
M,6871
F,5695
F,8931
M,7074
M,7374
F,5151
F,8211
M,8849
M,8148
M,6346
F,9048
F,6126
M,5160
F,9533
F,6121
F,8286
M,8020
M,9580
M,5264
F,6055
M,8836
F,8440
F,7222
F,8990
M,5922
M,8063
F,8652
M,8187
F,7581
M,5824
F,7959
F,9864
M,7490
M,7614
M,7870
M,9566
F,9160
F,6778
M,9642
M,6183
F,6948
M,7151
M,5326
F,8385
M,6574
M,6736
F,9690
M,7378
M,8423
M,8782
M,6614
F,9094
M,6690
M,9269
F,9610
F,5581
M,5039
F,9854
F,6850
F,9381
M,5009
F,5341
M,8988
F,9746
F,6497
F,9463
M,7889
F,8479
M,7937
M,7328
F,7924
F,6086
M,6746
M,7758
M,9723
M,7222
M,6406
F,6841
M,5291
F,9181
M,5871
F,7985
M,8166
M,5588
M,5453
F,7410
F,5518
F,7136
M,9714
F,6464
F,8890
F,7199
F,9131
F,5157
M,9285
M,6832
M,8368
M,8549
M,9435
M,6240
M,9534
F,9299
M,8772
M,8839
F,8915
M,6417
M,5943
F,6820
F,5634
M,9795
M,8005
M,8090
F,8425
M,7819
M,9967
M,9179
F,5190
M,9444
M,6239
M,6497
F,9347
F,5296
M,8063
M,9234
M,7807
F,6515
M,9001
F,6557
F,5411
F,5530
F,6105
F,8314
M,6490
M,6543
F,5814
M,9720
F,8934
F,7287
F,9535
F,5080
M,7915
M,7449
M,7672
M,6361
F,6207
M,7028
F,8803
M,5100
M,6372
F,9016
M,9157
F,5615
M,9616
F,7178
M,6752
F,8260
F,8968
M,5699
M,6195
F,6481
F,8367
M,5984
F,9013
F,9866
M,5935
F,8499
F,5591
M,7868
F,6074
M,7497
M,5409
M,9328
M,5765
F,8309
M,6831
F,6477
F,5728
F,5056
M,6840
F,9123
M,8120
F,7501
M,7003
F,5699
F,7574
M,6966
M,5848
F,5191
F,5750
M,7391
F,8583
M,8994
M,6029
F,8730
F,5943
F,8824
M,9547
M,8299
F,9097
M,7025
M,8704
F,9197
F,7106
F,5699
M,8729
F,7881
M,7866
M,9083
M,9128
M,8334
F,6242
F,5861
F,6754
F,8483
M,9092
F,9859
F,9005
F,8563
F,8363
F,7789
F,9224
F,9853
F,9741
F,6848
M,9514
M,8900
F,9321
F,8730
F,9934
F,8070
F,5138
F,9600
F,9724
M,7386
M,6169
M,7186
F,7741
F,9237
M,5394
M,7822
F,8877
M,7153
F,8017
F,8702
M,5664
M,6719
M,5734
F,6720
M,9300
M,9461
M,9295
M,9603
M,8971
M,6934
M,8593
M,9637
F,6237
M,6302
M,7298
F,9986
F,5068
F,5488
M,5766
F,6336
M,5143
M,5708
F,8288
M,9151
M,6461
F,8411
M,7511
F,7055
F,8922
F,6707
F,6499
F,8537
F,8660
F,8664
M,8476
M,6566
F,6916
F,6881
M,8899
F,7669
F,7188
F,9120
F,7587
F,9210
F,8192
M,8378
F,5678
F,8157
F,7059
M,8729
M,7783
M,9558
F,8104
M,8038
M,7294
F,8026
F,6094
M,9727
F,9875
F,5803
F,6032
M,6843
M,8248
M,8334
F,5773
M,6698
F,8557
F,9198
F,5410
M,9532
M,8837
F,8977
F,7840
M,9901
M,8428
F,7154
F,6642
F,8151
M,7836
M,9237
F,7095
F,8645
F,8271
F,9248
F,7588
F,7505
F,6285
M,9554
F,6904
F,6695
M,7595
F,5379
F,7505
M,7965
M,6915
F,8301
F,5665
F,8335
F,9354
F,7387
F,9852
F,9915
M,7672
F,9984
F,9535
M,8840
M,7496
F,5221
M,7150
F,9216
M,9257
M,6833
M,5316
F,5326
F,6706
M,8738
F,8679
M,7915
F,8737
M,8020
F,5156
M,9375
F,9379
F,5005
F,7932
F,6670
F,5244
M,8438
M,9481
F,5020
M,8784
M,7967
F,8213
M,9853
M,6982
M,7322
M,9406
M,9576
F,8618
F,6005
M,7679
F,8905
M,7344
F,9962
M,5019
M,6923
M,6829
M,9920
M,8529
M,9105
F,9653
M,5157
F,8618
M,5418
M,9276
F,6103
M,9998
M,8761
M,5291
F,9733
M,5139
M,5016
F,6396
F,9423
F,7181
F,7645
F,8798
F,7603
M,8476
F,8198
M,7191
M,7423
F,8584
F,6740
F,6172
M,7216
F,9683
M,8288
F,6234
F,8395
F,7106
F,5347
M,5918
F,7449
M,8004
F,7561
M,8456
F,5239
F,9659
M,9691
F,8855
M,7719
F,7172
M,7013
M,9741
M,5230
F,9114
M,5834
M,9292
M,5618
M,6307
M,6515
F,7002
M,8578
M,8750
F,7780
M,7604
F,7152
F,6985
M,7464
F,6867
F,7106
F,7410
F,7176
M,5562
F,7620
M,6306
M,9333
F,9621
F,6838
F,5994
F,9064
M,6784
F,9180
M,9674
F,9408
M,8361
F,6109
M,9925
F,5680
F,5579
F,7806
M,6515
M,8350
M,6303
M,5141
F,7442
F,5398
M,6807
F,5167
M,9139
M,6407
M,7241
F,7338
M,8742
M,5215
F,7398
M,6258
M,5488
F,5702
F,8859
M,6775
M,9198
M,7898
M,9728
F,6822
F,5853
M,5784
F,9846
F,8334
F,9402
M,7621
M,6381
F,6901
F,5693
M,7208
M,8028
F,6337
M,5024
F,9871
M,9345
M,7274
F,7240
M,8196
F,9735
F,5289
M,7051
M,6700
F,8761
M,7462
F,7253
M,9889
M,8870
F,8947
F,7542
F,8104
F,6084
F,9642
M,7822
M,6355
M,9030
F,6658
M,8492
M,5261
M,7862
M,7621
M,7573
F,5423
M,5953
F,7079
F,5398
F,6454
F,8973
M,8302
F,9714
M,6660
M,7827
M,8714
F,5330
F,8528
F,9916
F,5111
M,5613
F,5963
F,8511
M,8203
F,6831
M,7511
F,9916
F,8625
F,5896
M,8098
F,9173
M,9418
M,8841
M,7444
F,8311
M,6069
F,9178
M,7616
F,9900
F,9656
F,7073
F,8875
M,9225
F,8177
F,6194
F,9423
F,5766
F,8906
F,7139
F,9193
M,9785
M,7927
M,6397
F,8351
M,6715
F,9054
M,5309
M,5152
M,8147
M,5691
M,6185
F,7296
M,7552
M,9002
F,9666
F,6349
F,5926
F,6246
F,8307
M,9350
M,8692
F,6559
F,9489
M,7290
M,7557
M,6714
F,8840
M,7132
F,6754
F,6427
F,9399
M,7231
M,6837
M,8252
M,8379
F,6023
M,7933
F,9685
M,8587
M,8815
F,5003
F,6980
M,8883
M,7776
M,7930
F,6463
F,6192
M,9470
F,5736
F,8069
F,7703
M,8233
F,8587
F,5613
M,6806
M,5395
F,7270
M,5919
M,7144
F,8398
M,9905
F,9562
F,9179
F,7821
M,8411
M,9232
F,7855
F,6270
F,7128
F,7809
M,8493
M,9422
M,8045
M,8786
M,6138
M,6777
M,7270
M,8406
M,5886
F,7620
M,7350
M,6466
F,6759
F,8817
M,5779
M,8272
M,6139
F,6402
F,6013
M,5697
M,9085
M,9050
F,5116
F,7509
F,6399
M,5835
F,7758
F,8424
F,6160
F,6762
F,5880
F,9249
F,5922
F,5615
F,7993
M,5749
M,6538
M,7684
M,7646
F,7136
F,5664
M,6240
F,7385
M,9542
M,8171
M,5033
M,7563
M,7678
M,9970
F,5807
M,8376
F,9535
F,7956
F,6597
F,5265
F,5799
F,8668
F,5063
M,9273
F,5196
F,9124
M,8790
F,6811
F,9004
M,7885
M,8304
F,6139
F,7037
F,7972
F,7183
F,8396
F,7568
M,7049
F,5129
M,7643
F,7986
M,8029
F,9706
M,5842
M,8419
M,8510
F,9583
M,7656
M,9529
F,7321
M,7448
M,6740
F,8489
F,6721
M,5315
M,5715
F,5570
F,7620
F,9131
M,6855
M,9859
M,6833
M,7157
F,6128
M,5949
M,5715
F,8509
F,5353
F,9212
F,9308
F,9941
F,5959
F,8530
M,5376
M,8166
M,5694
M,5951
F,6981
F,5900
M,5637
M,6175
F,7143
F,5651
F,7735
F,7373
M,8839
M,8669
M,9971
F,8132
M,7023
M,9458
M,7634
F,5200
M,6781
F,7882
F,6220
M,8994
M,8174
M,8037
F,7631
M,6881
F,7858
M,6739
M,5089
F,7764
F,9142
M,7428
F,8318
M,7946
M,5008
F,7670
F,7418
F,8830
M,5008
F,7969
M,6951
M,9145
M,5837
F,7616
M,9762
M,8251
F,6945
F,6937
M,6767
F,7548
F,6016
M,6122
F,9466
M,8597
F,7799
F,5627
M,6458
M,6852
F,5237
F,7116
F,9449
F,5096
M,6021
M,5495
M,9368
F,9550
F,6891
F,6134
F,5151
M,7579
F,9573
M,5057
M,7060
M,9618
F,7740
M,5290
F,6722
F,6234
M,9880
F,8243
M,9908
F,5425
F,6678
M,6683
F,5607
M,6796
M,9383
M,8914
F,9101
M,8408
F,9862
M,8934
M,9974
F,5820
F,9458
F,7561
F,5902
F,8491
M,6883
F,5217
M,9140
F,7668
M,7171
M,9001
F,6627
F,7431
F,7756
F,6977
F,7520
M,7728
M,9715
M,7297
M,5586
F,9073
M,6855
M,9203
M,7371
F,7373
F,7438
M,5754
F,6882
F,6488
M,5021
M,9607
M,5642
M,9781
M,5591
F,5638
F,8211
F,8571
F,9812
F,6309
F,9472
M,9245
F,9669
M,9607
M,5017
M,9276
F,8296
M,7494
M,6244
F,5429
F,5637
F,7373
M,6742
M,9441
F,9451
F,6622
F,8066
F,7647
M,6600
M,7276
M,9826
M,7945
F,9952
M,6037
F,9967
M,6584
F,5288
F,9706
M,9019
F,6621
F,9520
M,9666
M,6739
F,9351
M,5254
F,8530
F,8537
M,8238
F,5174
M,7175
M,8903
F,5003
M,7363
F,9442
F,8875
F,8704
F,9347
M,7443
M,9740
M,7806
F,8138
M,8497
M,8519
F,6696
F,7514
M,9258
M,6887
M,6415
M,7999
F,7771
F,8259
F,7450
M,9314
F,8372
F,6706
F,7663
F,9828
F,7399
M,6530
F,9803
M,6548
F,5037
F,7770
F,9879
F,9219
M,6091
M,9706
M,8906
F,6368
F,5201
F,7286
M,6410
F,9778
F,7055
F,9958
M,7579
M,6669
F,6058
M,6990
F,9506
F,5410
F,8874
F,7415
F,8106
M,6816
F,7325
M,5610
M,9732
M,8568
M,5489
M,7748
F,5753
F,9720
F,8584
M,9797
F,6804
F,5811
M,7264
F,8583
M,5825
M,8031
F,8267
F,6828
F,5779
M,9523
M,6433
F,6834
F,7848
M,9706
M,5829
F,5256
M,5920
M,8739
F,6997
M,5762
F,7344
M,8682
M,8162
M,8963
M,6911
F,9498
M,6862
F,5362
M,5845
F,9465
M,6980
F,8527
M,7652
M,8006
F,8284
M,9477
M,5060
F,7139
F,7415
F,8315
M,8624
F,5367
M,9100
F,6459
M,5258
M,7051
M,6334
M,7392
M,8143
M,5113
F,9297
F,8822
F,6532
F,9241
M,7900
M,6016
F,6858
F,5334
M,8703
F,6548
M,9590
F,9889
M,5667
F,9493
M,9078
F,8255
F,6023
M,8716
F,6875
F,6985
M,8437
F,7161
F,5914
F,7315
M,5794
M,8234
F,7849
M,8662
F,5396
M,8545
M,9649
F,9326
F,5555
M,7684
M,6834
F,5215
F,7301
M,6008
F,6497
F,7411
M,9301
F,8047
M,7621
F,5876
F,6916
M,9137
F,8227
M,7523
M,6496
M,8657
F,6362
M,7501
M,5538
M,9282
F,8002
M,7146
F,5697
M,8189
F,6146
F,6366
M,5258
M,9588
M,9228
M,8772
M,5068
M,8408
M,7061
M,9338
M,5297
M,7645
M,8359
M,7368
F,5048
M,7129
F,8069
F,8667
M,5682
F,7472
M,6662
M,8788
F,5170
M,8263
F,5013
F,8530
F,8048
F,9060
F,5358
M,6428
F,7141
F,8600
M,9911
F,7452
M,9552
F,5465
M,8545
F,8739
F,9678
M,8246
M,8410
M,6093
M,8561
M,7401
F,8545
F,9735
M,5776
M,9399
M,6427
M,6903
F,6493
M,7108
F,9213
F,8587
F,6784
M,7157
F,8803
F,6192
F,6620
F,7495
M,7111
M,7944
F,6801
M,8434
F,8266
F,6579
F,9139
M,8178
M,6188
F,8692
F,8035
M,5311
M,7083
F,8829
F,9873
M,8421
F,8539
F,7705
F,9076
F,5074
F,7760
M,7867
M,9503
F,9412
F,9907
F,6072
F,9795
F,6858
M,6536
M,7625
F,8570
F,5214
M,6578
M,9814
M,8742
M,6374
F,7882
M,5919
M,5305
F,6839
M,5796
M,7117
F,5415
F,7872
F,6307
M,9420
F,9735
F,9039
M,7011
M,9448
F,5088
F,9999
F,7093
F,9052
F,7629
F,5746
M,8949
F,8595
M,9484
M,8606
F,6663
F,5409
F,9556
M,5192
F,9482
M,6125
F,8317
F,8005
F,5953
M,7191
F,9777
F,8636
M,6566
F,5335
F,7178
M,5944
F,7531
M,6789
F,7675
M,8557
F,8994
F,7738
F,9473
M,9742
M,5298
F,7970
F,6236
M,7829
M,5249
F,6645
M,6530
F,6577
M,5921
M,5447
M,6880
M,7466
M,9634
F,5373
M,8154
M,7650
M,6773
F,8105
M,5733
F,9311
F,5309
M,6560
F,9091
M,7584
M,7975
F,9890
F,9881
M,5517
M,6461
M,6992
M,7436
F,7918
M,5143
F,9786
M,5231
F,5318
M,8348
M,5021
F,8226
M,7813
M,8206
F,5322
M,7184
F,5624
F,9087
M,9789
F,6261
F,5397
M,5919
F,6139
F,9470
M,7584
M,8656
F,5259
M,8681
F,8425
F,9448
F,9963
M,5096
F,8461
F,8176
M,6952
F,5792
M,5310
M,8208
M,5900
M,7870
M,8476
F,9334
M,9705
F,6809
M,6761
M,5625
M,6869
F,6552
M,8708
M,8636
M,8625
F,9790
F,9148
M,5083
M,8499
F,5946
M,8457
M,5950
M,6191
M,6111
M,5698
F,5615
F,5806
F,5745
F,6320
F,6071
F,7743
F,6317
F,5586
F,7837
F,9862
M,9250
M,7655
M,5572
M,6643
F,8214
F,6211
M,7228
M,8806
M,7530
F,5708
F,7169
F,9274
F,8239
M,6952
M,5846
M,9010
F,9120
M,9882
M,9824
F,7123
M,6558
M,7034
M,8392
M,7008
F,9887
M,5696
M,9965
F,5365
M,5733
M,8153
M,7303
F,9146
M,5602
F,5078
M,7678
M,8368
F,5654
M,7985
F,9614
M,9523
M,9089
M,5996
F,8642
F,6793
M,5471
F,9945
M,5124
F,5606
F,7231
M,8248
F,5034
M,6533
F,9501
F,9195
M,7428
M,7755
M,5080
M,7936
F,9405
F,9959
M,6801
F,5514
F,9539
M,9729
M,5637
M,9062
F,9724
F,5159
M,6417
F,9193
F,7776
F,6149
M,9820
F,9158
F,8281
M,5794
M,7778
M,5010
M,5476
F,6887
F,8083
F,5647
F,5093
M,9170
F,9011
M,6536
M,9298
M,6327
F,6057
M,9951
M,8775
M,6724
F,5455
M,5364
F,5835
F,5411
F,9224
M,6697
F,5580
M,5279
M,5198
M,9306
M,7463
M,7158
M,8540
M,8148
F,7520
F,7757
M,7335
F,6378
M,7239
M,9842
F,6859
M,7061
M,6244
F,6289
M,6119
F,9557
F,8219
F,9086
M,7388
M,8309
M,5719
M,5226
M,7906
M,9113
F,7329
M,8631
F,9912
M,6079
F,6444
F,9691
F,6346
F,7679
M,7362
M,5336
M,8497
F,8406
F,9965
F,8621
M,5536
M,6208
F,6168
F,8135
M,8716
F,5621
F,8319
F,5163
F,7858
M,9998
F,8799
F,9809
F,8630
F,9255
M,7200
F,8229
M,8745
F,7764
M,5698
M,5055
M,8815
M,7343
M,7822
F,9392
F,5771
M,5084
F,7253
M,9782
F,9541
M,8248
F,8539
F,7955
F,5957
M,5465
F,5333
F,9334
M,9803
F,6048
F,8830
F,7367
M,7778
M,5972
F,9109
M,5340
F,9161
M,5492
M,8932
M,7025
F,7948
F,5656
F,6512
F,9770
F,8795
M,6269
F,8291
M,7002
F,6407
F,5459
F,5101
M,8794
F,7816
M,5031
F,5667
M,9874
F,7223
F,9595
M,7990
M,9856
F,8445
F,8983
F,6055
F,5780
F,6991
M,5590
M,5414
M,9720
F,5373
M,8822
F,7275
F,9209
M,9328
F,8253
M,8349
F,5112
M,6225
M,6854
M,5250
M,5667
M,7023
M,6411
M,7741
M,8579
M,5941
F,5116
M,7202
F,7316
M,9927
F,8440
M,9639
M,8427
M,9249
M,9894
M,7500
F,8852
M,9989
F,6001
M,5522
M,8603
F,6595
M,7424
F,9250
F,5280
F,8092
F,8147
F,7556
M,8588
M,8418
F,7099
M,7121
M,6875
F,8497
M,8465
F,8547
M,5572
F,8565
M,6117
M,5656
F,9204
M,7478
F,8841
M,8910
M,8235
F,7001
F,8462
F,8852
F,8049
F,7763
M,9330
M,9937
F,9132
F,7837
M,5304
M,7939
M,9478
M,6538
M,5546
M,7780
F,6855
M,6267
M,9197
F,6777
M,8909
F,7119
M,8120
M,5774
F,9117
M,6258
M,7390
M,8580
F,8258
F,7036
F,9390
M,7719
F,8873
F,5245
F,9253
M,5438
M,5551
M,8906
M,8740
F,9049
F,8781
F,7638
F,7024
M,8061
F,9395
F,8540
M,8516
M,7778
F,8887
M,5627
M,6680
M,5422
M,9502
M,9043
F,9788
F,9865
F,7869
M,5835
F,6986
F,7085
M,8150
M,6358
F,5987
F,6522
F,6792
F,7210
M,6465
M,7487
M,9051
M,8243
F,5189
F,6161
F,6496
F,8196
F,6284
F,5448
M,6756
M,5257
F,5333
M,7209
M,7137
M,5001
F,9661
F,6754
F,5259
M,8679
F,6158
F,9203
F,9755
M,5884
M,6890
M,8897
M,8507
F,9217
F,8421
F,7457
F,7719
F,9462
M,6842
F,7754
M,7489
F,7641
F,8407
F,9476
F,5192
F,5699
F,5079
M,8129
M,5912
F,6957
F,9224
F,6390
M,7260
M,8180
M,7128
F,6517
M,5629
F,9078
F,8596
M,9516
F,6209
M,6866
F,8410
F,9979
M,9444
M,9903
F,8360
M,9320
M,7812
F,6986
M,7178
F,5761
M,6154
M,9182
M,9546
M,6417
M,8261
M,9254
M,6761
M,8384
M,6247
F,8581
F,9866
M,5647
M,6917
M,5168
M,9854
F,8840
F,6679
M,8420
M,9179
F,7461
F,6937
M,5667
M,8912
M,6731
M,7398
M,5656
F,7461
F,6837
M,9662
M,7747
F,8048
F,7463
F,8230
F,8689
M,9105
M,7788
M,6965
F,7064
M,8804
M,9078
M,8179
M,7713
F,5234
F,6581
M,8315
F,9258
M,8257
M,9197
F,8592
F,5571
M,5835
F,8010
M,6766
M,7602
F,7295
F,7867
F,5116
F,9295
M,6126
F,5994
F,7648
M,6844
M,5187
M,7773
F,6150
F,8145
M,9603
F,8661
F,6709
F,7155
M,8904
M,7390
F,6624
F,8649
M,9006
M,7907
M,6942
F,7381
M,9728
M,6323
F,8375
F,5302
M,6911
F,9950
M,7489
M,6843
F,5617
F,6391
M,6941
F,9954
M,6472
M,6024
F,8340
F,8197
F,5688
F,6296
F,7611
F,6204
M,8868
M,9829
F,9929
F,8295
F,7737
M,6426
F,6589
F,6299
M,5758
F,9934
F,6817
M,9374
M,9220
F,8202
F,9198
F,6304
F,7499
M,8630
M,5235
F,5964
F,9049
M,8877
M,7215
F,6430
M,8591
M,6176
M,9320
M,7504
F,5837
F,8731
M,5235
M,9064
M,5238
F,9319
M,8317
M,7172
M,8340
M,9210
F,8371
F,5354
F,5355
F,7055
F,5787
M,8945
F,5477
M,7521
F,7335
F,9659
F,6044
M,7792
F,8300
M,7545
M,8893
F,7718
M,9550
M,5653
M,9482
F,7767
M,5846
F,7622
F,8436
F,9644
F,5675
F,7943
F,6485
F,7596
F,7553
F,5117
M,5190
M,9607
F,6662
M,9628
F,7284
M,6625
F,9485
F,7536
F,7954
F,9689
F,6301
M,8556
F,7327
F,6586
M,6339
F,6663
M,7430
M,7418
F,6716
M,9389
M,6021
F,9795
M,9684
F,6572
F,9568
M,8146
F,7040
M,5755
F,6269
M,8693
M,7239
F,7026
M,6464
F,5194
M,6235
F,6093
F,7097
M,5896
F,9290
M,6461
F,7512
M,6899
M,7941
M,9839
M,8385
M,6281
F,5751
F,7034
M,9874
F,5342
F,7645
F,6982
M,9884
M,5426
M,9344
F,5596
M,8549
M,8505
F,7225
M,6968
F,6461
M,9083
M,6727
M,9298
F,6055
M,5899
F,6891
F,8177
F,8233
M,5636
M,6513
M,9370
M,9664
F,9705
M,9077
F,9351
M,6906
F,5543
F,5713
M,6070
F,8356
M,9396
F,8483
F,6955
F,5111
M,7550
F,9160
M,9017
F,8967
M,6496
M,7784
M,8988
M,5563
F,6479
M,7245
M,6513
F,7518
F,9966
F,8681
F,5210
M,6632
F,8071
F,6152
M,9795
M,8398
F,7028
M,7504
F,6164
F,9656
F,8865
F,5147
F,5328
F,9790
F,5980
F,5624
F,5117
M,7198
F,7062
F,5427
F,7809
F,5344
F,9268
M,5293
M,5353
F,6714
M,9355
F,7518
F,9301
F,8244
M,8376
F,5233
M,9268
F,6948
M,8663
M,5170
M,6346
F,9412
F,5602
F,8264
F,6901
F,8939
M,7690
M,8664
F,5594
F,9918
M,8181
M,6458
F,7912
F,7052
M,7868
F,8940
F,5025
F,5051
F,6869
M,9641
F,5350
F,9505
M,7923
F,8936
M,7110
M,8960
M,9191
M,7934
F,8324
F,7842
F,9877
F,5445
M,9636
M,5871
M,7486
F,8782
M,8423
M,5959
F,8633
F,5929
M,9154
F,6178
F,7746
F,8176
M,6307
M,9486
M,5237
F,7194
F,5590
M,7495
M,7374
F,5082
M,9847
M,6380
F,8259
F,9323
M,9187
M,6729
F,9589
M,7856
F,5506
F,5632
F,8358
F,7383
F,5762
F,7995
M,9274
F,8491
M,9284
F,5265
F,9067
F,8647
M,8691
F,8548
F,5802
M,6648
F,8197
M,5413
F,9300
F,7512
M,6877
M,5084
F,9576
F,6945
F,6550
F,9158
M,9824
M,7271
M,6175
M,6598
M,8338
M,5632
F,6906
F,5797
M,6694
F,8912
M,8976
F,6108
F,5457
M,5671
F,9560
M,9223
M,7028
F,7960
F,7047
M,7437
M,8805
F,7346
F,7192
F,5545
F,9034
F,6616
F,6886
F,6157
M,6155
M,7505
F,6640
F,7075
F,8851
F,7912
F,7237
F,5322
F,5428
M,8773
M,5854
M,6490
F,8534
M,9671
F,5121
M,9235
M,7092
F,7163
M,5880
F,8030
F,6288
M,5091
F,8900
M,6422
M,8396
M,7893
F,8134
M,8035
F,6280
F,6706
M,6637
F,9887
F,7736
M,8485
M,7860
F,5717
F,7700
F,8519
F,6914
M,7426
M,6247
M,6793
M,9016
M,6650
F,9238
M,5693
M,7409
F,8489
M,8104
F,5425
M,9032
M,5192
F,9444
F,7897
F,8059
F,6856
F,5526
F,7604
M,7335
M,7767
M,6260
M,7062
M,8696
M,9924
M,9043
F,7367
F,7739
M,9292
M,9188
M,9611
M,8320
M,9109
M,8757
F,5879
M,5505
M,8798
M,7097
F,5014
M,6725
M,7637
M,6423
F,5767
M,8554
M,8862
F,7592
F,7091
M,7560
F,5366
F,5901
M,6498
F,6491
F,7915
F,6945
F,6037
F,7715
F,6942
M,6275
F,9599
F,7313
M,7594
F,5511
M,9114
M,7710
F,6930
M,7912
M,7645
M,9745
F,8148
F,5230
F,9074
M,6349
F,8696
F,6279
F,8384
F,7158
M,7086
F,6713
F,8726
F,7080
F,5377
F,8954
M,7793
F,8381
M,8936
M,7286
F,9748
M,7432
M,9026
M,7001
M,8201
M,9047
M,8752
M,6318
M,9548
M,5135
M,6981
M,8886
M,6299
M,8072
M,7924
M,9241
M,5277
M,5455
F,8648
M,8419
F,9173
F,5627
F,8184
M,6184
F,8355
F,8284
M,5949
M,5935
M,8634
M,5235
M,7241
M,7202
F,7302
M,7982
M,8862
M,5024
M,7655
M,5408
F,9151
M,6529
M,5346
F,6084
F,7960
F,7910
M,8034
F,8313
F,9642
F,8106
M,9400
M,8293
F,5228
F,5054
F,7723
F,8124
M,9609
F,5582
F,7829
M,7836
F,8843
F,6243
F,6668
M,5678
M,5526
F,5544
F,6586
M,5015
F,9950
M,7316
M,5155
F,6340
M,7952
M,9523
F,7740
M,8255
F,9514
F,8141
F,8839
M,5990
M,9770
M,8845
M,7715
F,7928
M,5049
M,5594
M,9495
M,6950
M,9238
M,7568
F,5289
M,5861
F,5863
F,7903
F,7998
M,5966
M,5455
F,9397
F,5206
M,9626
M,8153
F,5530
M,7849
M,5068
F,7280
M,6099
M,9566
M,5367
F,9703
F,7490
F,5606
F,8044
F,7056
F,7382
F,8865
F,5470
F,6164
F,6388
M,6807
F,7519
F,8369
F,7351
M,7744
F,7758
M,8000
F,5569
F,5197
M,7300
F,6362
M,9057
M,6715
M,8759
M,5195
M,5516
F,7640
F,7137
M,7218
M,8177
M,5602
M,8645
M,7134
M,5567
F,5086
F,6316
M,9539
M,9963
M,7538
M,8573
F,8262
M,8972
M,7336
M,8920
F,9441
F,5137
F,5238
F,7315
F,8722
M,9635
F,5176
F,6291
F,8570
M,5087
F,7071
M,6072
F,9775
M,8118
M,7334
M,9268
M,6065
M,8544
M,6531
M,5418
M,7123
F,6167
M,8272
F,5050
M,6128
F,6978
M,6888
M,8701
M,8686
M,7350
M,6830
F,7378
M,8610
F,8918
M,9410
F,7746
F,6889
F,7638
M,5429
F,7226
M,6504
M,7370
M,9023
F,8733
F,8790
M,9376
F,7465
M,7749
M,6873
F,7270
M,7844
M,8846
F,6174
F,9648
M,7418
M,5972
F,9126
F,7142
F,6161
M,8570
F,5572
M,9976
F,7550
F,6538
F,7831
F,8160
M,6911
F,5570
M,8284
F,9344
M,7593
F,7065
F,6395
M,8801
M,5998
F,5872
F,9117
F,9813
F,8281
M,9581
M,5045
F,9880
F,8054
F,6224
M,9868
M,5700
F,5020
F,5706
M,6279
F,9878
F,9017
F,8035
M,7520
F,7932
M,9470
F,8967
M,8222
M,7771
M,8830
M,8153
M,6041
M,9260
F,9552
M,6091
M,5316
F,6595
F,8052
F,7119
F,7419
M,8482
M,6701
F,8609
F,9980
M,5333
M,6674
M,5544
M,7657
F,9298
M,6118
M,9741
F,6516
F,9032
F,5018
F,9916
M,9085
F,6778
M,9003
M,5432
M,5442
M,5321
F,9176
F,9033
M,5882
F,6109
F,6175
F,6450
F,8255
F,8432
M,6011
M,5344
M,6294
F,6285
F,7213
F,9721
M,8624
M,7461
M,7498
M,9573
F,5934
M,5042
M,6363
M,7847
M,5822
F,7586
F,8199
F,5339
M,8663
F,9272
M,7621
F,6609
M,8766
M,8285
F,9305
F,6404
M,8732
F,5193
F,6108
M,5815
M,7659
M,6082
M,8226
M,7825
M,6043
M,6542
M,9563
F,7987
F,8611
F,9848
M,7857
F,7798
M,8958
M,5567
M,8559
F,6375
F,6114
F,7748
F,9068
M,5544
M,6786
F,8296
M,5485
F,5829
M,9185
F,9366
F,6982
M,9603
F,7933
M,9299
F,7373
F,8040
F,8811
M,9474
F,5558
M,9995
F,7497
F,6108
F,6916
M,5698
F,9999
M,6876
M,5917
M,8516
M,9440
F,8657
F,7698
M,6918
M,6401
M,6110
F,6583
F,5893
F,9951
M,5826
M,5764
F,6775
F,9234
F,9969
M,6511
M,7932
F,6636
F,9211
M,7642
M,5669
M,5051
F,5660
F,9082
F,6296
F,9835
M,6360
M,6336
F,6222
F,7515
M,7936
M,9640
M,8507
F,6816
F,5795
F,9408
F,8204
M,9777
M,6135
M,6638
F,7240
F,9942
M,5235
F,7511
F,8186
M,5633
F,8859
M,7857
M,8808
M,8415
F,5972
F,6384
M,5762
M,8984
M,9989
F,5579
F,6390
M,5713
F,5749
F,5267
F,8043
M,6664
F,7244
M,5600
F,6990
F,7902
F,5323
M,5155
M,9066
F,6120
F,6906
M,5085
F,7925
F,5420
M,7437
F,5926
F,5250
M,5604
F,6253
F,6527
M,6708
M,5765
M,6055
M,9963
F,8672
M,6642
M,8112
F,9914
F,5740
M,6831
M,7773
M,5475
F,7301
F,9716
M,6021
F,7368
F,9078
M,9345
M,7974
M,6705
M,5981
M,6888
M,7487
M,6842
M,7670
M,6252
M,9602
F,5557
F,6162
F,9392
M,5573
M,5943
F,9578
M,7329
F,6268
M,9127
M,7579
F,8278
F,7809
M,8317
M,5379
F,7601
F,7334
M,8369
M,6012
M,7376
M,6160
M,5686
F,7334
M,5112
F,9924
M,9006
F,6235
M,7670
M,8824
F,7561
F,9631
F,9113
F,9483
M,7832
F,6603
M,8413
F,8237
F,5864
F,7061
M,6764
M,7226
F,5234
F,9629
M,9632
F,8296
M,8573
M,8012
M,5359
F,8124
F,7092
F,5495
F,6056
M,5936
M,6174
F,8445
F,8479
F,8352
F,6739
F,5636
M,5118
F,6695
F,9548
M,6673
F,9260
M,5005
F,8780
F,6847
F,5931
M,6260
F,6800
M,7407
F,7729
F,8889
M,9389
M,6290
M,7380
M,7127
F,7169
F,8896
F,9491
M,5820
F,8521
M,6305
M,6846
F,6338
M,8728
F,6524
M,9532
F,9396
M,8554
F,8730
F,5748
M,9708
F,8158
F,9664
F,5561
M,5322
M,6443
M,9516
M,6501
M,9331
M,7061
F,6589
M,9026
M,5822
F,6296
F,8006
M,8763
M,8758
M,9315
M,5338
M,8089
M,5859
M,5959
M,7676
M,7867
F,9065
F,9833
M,5896
M,5604
F,7340
F,7370
M,9578
M,8681
M,7832
M,6345
M,5665
M,9146
F,8371
M,5432
F,9339
M,9823
M,6787
M,9908
F,6560
M,7497
M,9546
M,5489
F,9701
F,5038
F,9989
M,9622
F,7415
M,7412
M,8197
M,6900
F,9531
F,5986
M,5963
M,7467
M,7333
M,9630
M,9808
M,7397
M,5612
M,8737
M,5138
M,9902
F,6335
M,6523
M,7543
M,8342
M,9113
M,7073
M,6166
F,8805
F,8702
F,5219
M,7615
M,7772
M,9256
F,8951
M,7056
F,8979
M,8612
M,5473
M,5172
M,8087
M,6250
F,5484
M,6467
F,6169
M,5881
M,5616
F,6187
F,7836
F,5485
F,5312
F,9734
M,9746
M,5788
M,9651
F,6759
M,6785
M,6459
F,7448
F,6356
M,6327
M,7301
M,6827
M,8321
F,9250
F,5694
M,8921
F,6240
M,8790
M,9985
F,7456
F,5417
F,7438
F,9101
M,8091
F,9960
F,6503
M,5368
M,6614
M,6316
F,6656
M,5852
F,9779
F,6675
M,6425
F,5323
M,8648
M,8886
F,6849
F,7709
M,9995
F,8488
F,5652
M,7875
F,9385
M,9821
M,8609
M,6714
M,8126
F,5162
M,8721
F,5662
F,7279
F,7661
M,8559
F,6252
M,6507
F,6481
M,8447
F,9224
F,8788
M,5610
F,8691
M,6348
F,9809
F,6430
F,6076
M,5310
F,9878
M,7855
M,6269
F,5153
F,7657
F,9906
M,6056
M,7736
M,8600
F,8764
M,6975
F,7304
M,8530
F,9850
F,7972
F,7375
F,5840
M,6472
F,8553
M,5628
M,8926
F,5410
M,8262
F,6603
M,8819
M,7959
M,9167
M,8198
M,7911
M,5394
M,7543
M,8042
F,5607
F,9825
F,7433
F,5326
F,9217
F,7359
F,5910
M,7802
M,9264
F,9414
M,6954
F,5363
F,6126
M,8671
F,6960
M,5756
M,5058
M,6867
F,7203
M,6256
M,9135
M,5931
M,6721
F,8530
F,7416
M,8764
M,6395
F,8538
F,5030
F,5577
F,9210
F,6934
M,7724
F,8913
F,8432
M,7478
F,8331
F,6083
M,6136
F,9546
F,9651
F,8958
F,5143
F,6785
F,8384
F,9576
F,9209
M,9811
F,6353
M,9597
M,8214
F,7446
M,7528
F,5663
M,6780
F,7669
F,9987
M,5569
M,7697
F,5566
M,5911
M,7078
M,9695
F,8997
M,8651
M,7830
M,6608
M,7102
M,8060
M,8979
M,9737
M,7640
F,7180
F,6358
M,8094
M,7698
F,9699
F,8767
F,6308
F,7816
F,8229
M,6238
F,9994
F,7171
F,8356
M,8663
F,5520
M,5291
F,7200
F,5838
F,9018
M,5737
M,9782
M,7948
F,9824
M,7059
F,5133
M,9481
F,5119
M,8573
M,5558
F,5534
M,7565
M,8591
F,9088
M,5938
M,9975
M,8224
F,8066
F,7024
M,9483
F,5524
M,8621
M,8594
M,9657
F,8104
M,8072
F,6199
F,8800
F,7200
F,9310
F,6732
F,5086
F,5268
F,9032
F,9625
F,8491
M,6850
M,7065
F,5508
F,9273
F,6707
F,9307
F,9568
M,6830
F,8531
F,7857
F,7241
F,5974
M,9099
F,9305
F,9928
M,9629
M,5258
M,6152
F,7500
F,8526
M,9837
F,6083
F,8127
M,8548
M,8494
F,8314
F,6485
F,7658
M,9264
F,5616
M,7198
F,9215
F,9863
M,9859
M,9524
M,9480
M,6933
M,9502
F,7962
M,5969
F,7405
F,6712
F,9558
M,6167
M,6565
M,9798
M,9520
F,6085
M,9554
M,6514
F,9144
M,9555
M,5976
M,5985
M,8461
M,9407
F,9131
M,9058
M,9860
F,8817
F,8426
M,5414
F,8855
M,5680
F,6818
M,6025
F,6907
M,7959
F,8516
F,7702
M,9805
M,5089
F,7802
F,8050
F,8097
F,5377
M,6654
M,5902
M,5450
M,9752
F,5059
F,8170
M,7777
F,7087
F,8041
M,6147
M,9970
M,9329
F,9370
M,9465
F,7805
F,9828
M,9681
M,7034
M,8674
M,8436
M,7570
M,6202
M,5320
F,7406
F,8127
M,6107
F,8862
M,6863
M,8980
M,8956
M,9592
M,9058
M,9955
M,8472
F,9315
M,8876
F,6320
F,9034
F,7323
F,7945
F,5582
M,7298
F,7184
F,9151
M,9218
F,9420
M,6612
F,5044
M,8387
F,9291
F,8858
F,9858
F,9178
M,8834
F,6539
F,8750
F,6965
F,9814
M,6299
M,7869
M,9656
F,8730
M,9322
F,8186
M,6517
F,8324
M,8373
F,5711
M,9943
M,9301
F,8445
M,9296
M,9397
M,6793
F,7989
F,9843
F,8595
F,8067
M,5910
M,7680
M,5832
M,9902
M,9026
M,6953
F,8978
M,9961
M,8516
F,7807
M,8290
M,8322
F,6093
M,8663
F,9677
F,7599
F,8557
F,8746
F,7118
M,6402
F,6196
M,7412
F,7387
F,6808
F,7799
M,9595
F,7802
F,9913
F,9530
F,8641
M,5480
M,5287
M,9778
F,7100
F,5097
M,7859
M,8061
F,8214
F,9110
M,7926
M,8485
M,7341
M,8006
M,5720
M,7532
F,7699
F,8306
F,6748
F,8067
M,8289
F,9407
M,9151
M,8279
M,5218
M,6674
M,9882
M,9914
M,5009
F,5535
F,5261
M,9605
M,6500
F,7116
M,7212
M,9013
F,8404
F,5614
M,8991
M,6066
M,9486
M,6176
F,6541
M,7636
M,7600
M,9514
F,9571
M,7302
F,7655
F,9951
F,5471
F,8889
M,6368
F,5194
F,7725
M,8566
M,6157
F,8138
M,6747
M,7141
F,6629
F,6801
M,9582
F,5713
M,8658
M,5473
F,6964
M,9094
F,6742
M,6253
M,5737
M,8557
F,6418
F,7353
M,7345
M,5361
M,9242
F,5764
F,9657
F,5362
M,6562
F,9359
F,6206
F,9722
M,6928
F,8547
F,9909
M,7365
M,6573
F,9071
M,5188
F,7915
M,9030
F,9867
F,6436
M,8910
F,6283
M,6214
F,5239
F,9234
F,8615
F,7276
F,6499
F,5969
M,6877
F,9317
M,5218
F,7321
F,5527
M,5043
M,6582
F,9119
F,8066
M,8987
F,7519
F,5021
M,8857
M,6764
M,6326
M,9080
F,8369
M,7420
F,7652
M,8123
M,7750
F,8009
M,8802
M,5225
F,5709
M,7175
F,9670
M,6191
M,9673
M,9676
M,9361
F,6734
M,9121
F,8085
F,9504
F,7443
M,7771
M,7282
M,5895
F,5249
M,5150
M,9473
M,5749
M,7486
F,5278
F,9900
F,7817
F,8978
M,9378
F,7264
F,7697
M,7970
M,9377
M,8557
M,8748
F,9507
F,5027
M,8847
M,5667
M,5672
M,5479
F,8357
F,8654
M,9990
M,7386
F,7300
M,5037
F,6064
F,5260
F,6411
F,7848
M,9212
F,9760
F,6554
F,9307
M,8009
M,5337
F,7472
F,6300
F,5150
M,5685
M,9902
F,9213
M,5733
M,8553
M,9530
F,8857
F,5718
M,9819
F,9856
F,7131
M,8053
M,5182
M,5199
M,6949
F,6552
F,8794
F,7098
M,9021
F,9587
M,6214
F,6795
F,5857
M,7640
M,7027
F,7739
F,6930
F,7706
F,5916
M,8287
F,5581
M,6946
M,6089
F,9969
F,7799
F,8221
F,6153
F,6177
F,6160
M,8236
F,9340
M,8396
M,7139
F,9078
F,7435
M,5913
F,5906
F,5466
M,5288
M,7254
M,5855
M,5665
M,6949
M,9476
M,9431
M,5235
F,5092
M,9650
M,7620
F,5441
F,9263
M,5094
M,8995
F,5080
F,7622
M,7741
F,6714
M,7756
F,6162
F,5540
M,9021
F,6287
M,7430
M,6741
F,6429
F,6358
F,6953
M,8293
F,5612
F,8443
M,7388
M,6157
M,7080
M,6944
F,9511
M,5335
M,8520
F,7483
F,6211
M,8690
F,8366
F,6826
M,6663
M,9021
F,5476
M,5192
F,5874
F,5970
F,7083
M,6700
M,8116
F,6029
M,6336
M,8339
M,9257
F,8828
F,7064
F,7271
M,7055
F,5871
F,6188
M,7162
F,9875
M,5053
M,9969
F,6032
F,8888
M,7109
M,7830
F,6805
F,6380
M,7234
F,5000
M,5117
F,7508
F,8575
M,7356
F,9944
F,8688
F,8541
M,6663
F,9888
F,6592
F,8177
F,8712
F,8425
M,6593
M,7202
M,5577
M,9801
M,5421
F,8146
F,8160
F,8522
F,6401
F,9957
M,5978
F,8200
M,8186
M,6493
M,7873
M,6645
F,7772
F,7795
F,9558
F,6350
F,5682
M,9245
M,7625
F,6054
F,8888
F,5513
F,8174
F,8299
F,6657
F,7829
M,7863
M,7219
F,8631
F,7173
M,9462
F,9563
F,6466
F,7352
M,8203
F,6388
F,5107
F,9221
M,8912
M,8919
M,5185
M,7347
M,8398
F,7817
F,6116
F,7989
M,7071
M,7159
F,6787
F,6827
M,9104
F,8531
M,7365
M,5567
F,5023
M,6094
M,5165
M,7245
F,8070
M,7200
F,6694
F,5933
F,9031
M,6341
M,6000
F,8605
F,9476
M,9455
F,8268
F,8073
M,7691
M,7948
M,9808
M,8345
M,6911
F,6336
M,7718
F,9946
F,6665
M,5686
M,7798
F,8742
M,6137
F,7312
M,9922
F,8719
F,8072
F,5683
F,6143
F,7426
M,7748
M,9203
M,8705
M,8747
M,6555
F,5838
M,5004
M,8991
F,9439
F,7732
F,7772
M,6087
M,5048
M,7802
F,9760
M,8562
M,5177
M,7046
M,6101
F,7716
M,9390
M,5251
M,7612
F,9202
M,9141
M,8790
M,7655
F,8857
F,6939
F,8176
M,6718
F,8606
M,7985
M,9808
F,8640
F,8506
M,6659
F,6724
M,7833
F,8312
M,5740
M,9123
F,6660
M,6837
M,8774
M,8865
F,9847
F,7681
M,8606
F,7804
F,7297
M,9822
M,7422
M,5681
M,6232
F,7019
M,7662
M,9374
M,7752
F,7605
M,7127
F,8899
F,9639
F,8480
F,9025
F,8586
M,9878
M,8755
F,5564
M,7410
M,7121
F,5809
F,8988
F,8100
M,5557
M,5880
F,8830
M,7667
F,7311
M,7629
F,9379
F,6008
M,7731
F,7931
M,6785
F,6396
M,9069
M,8694
M,9731
M,6405
F,8902
F,9913
F,7713
M,9320
M,7057
F,6358
F,9445
M,5374
F,5666
M,9154
M,5730
M,8302
F,6757
M,7341
F,5616
M,5667
M,5935
M,9073
F,6439
M,6243
M,6931
M,5360
F,7275
F,7905
M,8635
F,7946
M,8493
F,6114
M,7597
F,7272
F,9450
M,9195
F,8971
F,6352
M,9149
F,7384
M,7081
F,8834
F,8406
F,5228
F,9193
M,5061
M,9208
F,9910
M,7787
F,7560
F,7417
M,8129
M,5278
M,9065
M,9386
M,7758
F,8336
F,9380
M,5672
M,9708
F,9798
F,5201
M,7733
F,6140
M,6322
M,8934
M,8413
M,9168
M,6310
M,5680
M,9605
F,7563
M,6302
M,6460
F,7230
M,7716
M,7746
M,7058
F,7716
M,6155
M,5419
F,6319
F,9795
F,9026
M,6983
M,7580
M,6822
M,7580
M,8328
M,7411
M,7564
M,8044
M,9360
M,5377
M,8228
F,7222
M,6234
F,7777
M,9715
F,7478
F,7414
M,9824
M,7124
F,9979
M,6641
F,7209
F,5779
F,5226
M,9874
M,6404
M,6376
M,7465
F,7800
F,5574
F,6882
F,8964
F,9438
M,8915
F,8527
M,5099
F,6862
F,8960
M,9068
F,6831
F,7383
M,5054
M,6588
F,6043
M,8112
M,6951
F,6860
M,8473
M,9945
M,9477
F,6272
M,8920
M,9123
F,5590
M,9927
M,9592
F,8878
M,9666
M,7061
F,7473
F,9486
M,7161
F,7534
F,6397
M,8749
M,5591
M,9859
M,7985
F,6774
M,5756
M,8155
M,5855
F,9967
M,8023
M,5907
F,6513
F,5198
M,6570
M,9945
F,7501
F,5679
M,8185
F,9242
M,6649
M,6676
F,7784
M,9613
F,6512
M,9722
F,7228
M,8489
M,9535
M,7340
F,5111
M,8619
M,6087
F,5505
F,5039
M,9655
M,7535
F,6032
M,7895
F,7906
M,5157
M,8841
M,7388
F,6042
M,8166
M,7693
M,5177
F,7204
M,5300
M,7841
M,7121
M,7724
F,6022
F,5206
F,6335
M,6772
F,8933
M,6794
M,6677
F,6812
F,5082
F,5382
M,5537
M,6492
F,9871
M,7703
M,8720
M,8030
F,9293
M,7704
F,7212
M,7694
M,9026
F,8587
M,8641
F,9840
M,8848
F,9523
F,6195
F,7583
M,6769
F,6431
M,6300
M,9387
M,5915
F,7197
F,6657
F,6377
F,6006
M,8239
F,6079
F,7505
M,8932
F,5560
M,6730
M,9565
F,7677
F,8727
M,5668
M,7391
M,7546
M,6639
F,7734
M,6890
F,6365
M,6604
M,5756
M,5675
F,8510
M,8776
M,9932
F,5486
F,6510
F,7648
M,5747
F,9083
F,9098
F,5761
F,9202
F,8616
F,5465
F,8335
F,9075
F,5080
M,6857
M,7797
M,5141
F,6635
F,8440
F,7340
F,6620
F,6831
M,8236
F,7853
F,5766
M,5727
M,9039
F,8531
F,8683
F,9809
F,5796
M,9955
M,6538
M,6576
F,6779
M,5148
F,9216
F,6891
F,5683
F,5743
F,9328
M,7375
M,9003
M,5429
F,9345
F,8111
F,6909
F,6592
M,8214
M,8797
M,8290
F,7343
F,8965
M,6072
F,9511
F,7055
F,8342
F,6361
F,5251
F,5944
M,7810
F,7230
F,9805
F,8602
F,5759
F,5191
F,6860
M,7931
F,7340
M,8740
F,5310
F,9766
M,9269
M,8288
F,6252
M,8883
M,8485
M,6227
M,9743
F,7276
F,5696
F,9077
M,7357
M,6289
M,9854
M,7321
F,7685
M,9050
F,6102
M,7318
M,9424
M,7083
F,9725
M,7295
M,9980
F,7682
F,5211
F,9232
F,5279
F,7155
F,6557
F,6603
F,8168
M,8143
M,7951
M,8441
F,6991
M,8231
F,6325
M,7633
F,5542
M,8240
M,7226
M,8748
M,9360
M,7554
F,7472
M,9316
M,9674
M,5507
F,8813
F,8633
F,8155
F,7341
M,8293
M,7876
F,6191
M,7901
F,9924
M,5239
F,6759
F,9587
F,9346
M,9676
F,7146
M,9410
F,9715
M,5173
M,6562
M,9427
F,7418
M,7524
M,7536
M,7425
M,7019
M,8240
F,6692
F,5799
F,5450
F,9909
F,5644
F,5039
M,7561
M,7077
M,5033
M,8187
F,8463
M,7229
F,7619
F,7842
M,8253
M,7171
M,7293
F,5222
F,5052
M,9447
M,6835
F,7833
M,5475
F,5050
F,8862
F,5690
F,9696
F,9244
F,6510
F,7769
F,7010
F,7128
M,5467
M,7859
F,8618
F,6614
M,6254
F,8702
F,6156
F,8381
F,7927
M,8439
F,9260
M,8891
F,9338
F,8890
M,5513
F,7632
F,9232
M,6951
M,6368
F,6968
F,7568
M,8001
M,9065
M,6574
F,6546
M,8262
F,9309
M,8695
M,8297
F,5003
F,9430
F,9786
F,5614
F,5147
M,9950
M,6849
M,9531
M,6284
F,5876
M,8365
M,8686
M,8722
M,6358
M,7614
M,9859
F,6267
M,8450
M,7476
F,8755
M,8100
M,8044
F,8626
M,8224
M,5746
F,9537
M,8956
F,9073
M,9143
M,9122
F,9954
M,5634
F,9377
F,7307
F,6669
M,8591
F,9760
F,9129
F,9689
M,5241
M,8907
F,6562
M,5857
F,6831
F,9357
M,7410
F,9876
M,7126
M,6563
M,5040
F,5904
F,5358
F,8846
M,6105
M,8852
M,8973
F,9089
F,8910
M,5956
F,5720
F,7131
F,5212
M,8524
M,7780
F,5638
F,8514
F,9662
M,9087
F,6347
F,7165
M,7616
M,5381
F,8123
F,9902
F,8352
M,5151
F,9118
M,5927
F,7005
M,6836
M,6592
F,8315
F,7548
F,5576
F,5687
M,8660
M,9141
F,5139
M,5145
M,5744
M,8859
M,7657
M,8644
M,6580
F,7369
F,6838
M,5566
F,8690
M,8367
M,6188
M,7662
F,6602
M,7913
F,7049
M,5117
M,7992
F,5605
F,6902
M,5019
M,9855
M,9115
M,8358
M,9935
M,6107
F,9057
M,6473
F,9737
F,8996
M,8111
M,8370
F,6743
F,8143
M,9031
F,5093
M,6991
M,8040
M,7920
M,5844
M,7155
M,5416
F,7751
F,9903
M,9273
F,9550
F,5051
F,6004
F,5225
F,5246
F,9013
M,7547
F,7826
M,6808
F,9853
M,9693
M,6450
F,7522
M,6079
F,6783
M,8777
F,5606
F,9216
F,8850
F,8725
M,5061
F,5871
F,5039
M,5722
M,6938
F,7201
M,8938
M,7924
F,6123
F,6660
M,5473
M,6319
F,6045
F,9159
M,7391
M,5339
M,9400
M,8274
F,7814
F,7321
F,6253
M,7076
F,9963
M,7227
M,8432
F,7361
F,9007
F,6176
F,7898
F,7585
M,8900
M,6085
M,5595
M,8135
M,8561
M,7097
F,9390
F,6953
F,9415
F,6853
F,7646
M,5754
M,7261
F,9449
M,5218
F,6238
M,5108
F,8118
M,8805
F,7009
M,9496
M,9502
F,6688
M,8634
M,7419
M,9700
F,8253
F,5130
F,8011
M,8041
M,7395
F,9038
M,7482
M,7368
M,7820
M,6722
F,5068
M,5789
F,5031
M,5409
M,7639
F,8218
F,5530
M,5687
F,6006
F,9961
M,6812
M,8273
M,6436
M,5822
F,9798
F,8290
F,6736
F,5405
M,8672
F,5887
F,8349
F,6687
F,7951
M,7729
F,9121
M,7722
M,8087
F,6374
F,5881
F,9416
F,9958
M,5785
M,7065
F,5076
F,7309
F,5421
F,8304
F,9020
F,5101
M,6737
M,5925
F,5316
M,5855
F,5182
F,6187
M,6024
F,9949
M,7598
M,5931
M,9481
F,9490
M,8167
M,8222
F,6508
M,9044
M,8125
F,7933
M,9984
M,7992
M,5417
M,5901
M,9728
F,9090
F,9391
F,6422
M,7349
M,6308
F,9364
M,5247
F,5793
M,5181
F,6276
M,5720
M,6908
F,9288
F,8178
M,8527
M,6896
F,9847
F,9715
F,9918
M,9503
M,8083
M,7786
M,7135
F,8710
M,8909
M,8839
F,6763
F,5246
M,5541
F,7673
M,6175
F,8190
M,5172
M,7465
F,8349
F,8270
F,9308
F,6746
F,9950
F,7101
M,5140
M,5446
F,8656
M,9630
F,5164
M,7454
M,5709
M,9330
F,5871
M,9507
M,6870
M,7734
F,9488
M,8360
M,8911
F,5873
M,8408
M,8690
F,8397
F,6910
F,7669
M,6278
M,9872
F,5160
F,5559
F,7059
F,6212
M,9183
F,6493
F,6480
M,9222
F,8518
F,5842
M,9903
F,7865
F,5003
M,9545
F,5632
F,9358
F,8484
M,6271
M,6760
M,7471
M,6803
M,9776
F,6496
F,7518
F,7815
M,7318
M,6134
F,6483
M,8294
F,9817
M,6743
F,5755
M,8728
F,9312
F,8120
F,9666
M,6468
M,5940
F,8334
F,9379
M,8716
M,7734
F,6374
M,9465
F,5958
F,9081
F,8851
M,8321
F,7087
F,8545
M,7755
F,8712
M,6303
F,7649
F,7083
M,5091
F,7014
M,8384
F,7371
F,5241
F,7013
F,7704
M,6810
F,5554
F,7261
M,6400
M,9419
M,8333
M,8632
M,6391
M,6650
M,8424
F,7703
M,6983
F,8398
F,7593
F,5646
F,7817
F,7797
F,7043
M,9343
F,7618
F,8555
M,9404
M,6627
M,5188
F,9983
F,5668
M,6667
F,5672
M,9102
F,7079
M,8112
M,5617
M,6932
F,5891
M,7328
M,7982
F,8844
M,9631
F,9831
F,5825
F,8276
F,6857
M,9671
F,5504
M,6652
F,8549
F,8924
M,9460
F,6986
M,6365
F,9751
M,8106
M,6086
F,6799
F,8425
F,6018
M,5252
M,9424
F,9789
F,8196
M,8939
M,9180
M,8146
M,9080
F,5809
F,7104
F,7494
M,5645
F,7505
M,6362
F,7315
M,9654
F,6887
F,7440
M,8699
F,7620
M,8243
F,6502
M,7613
F,7054
M,6355
F,9669
M,5561
M,5778
F,6344
F,6277
F,5136
M,9762
M,7999
F,7433
F,8286
F,9299
M,8859
F,8322
F,5333
M,7290
F,6260
M,8491
F,7186
M,9412
F,8708
F,6727
M,5632
F,5443
F,6665
M,5686
F,5400
F,7036
M,7700
F,7023
F,5302
M,5025
F,5239
M,6297
F,8269
F,6296
F,8735
F,6275
M,8905
F,7785
F,5600
M,5506
M,8405
F,8295
M,7800
F,9643
F,5411
F,7046
M,8919
M,9967
M,8922
F,9324
M,7476
M,7924
F,5020
M,5942
F,8753
M,5004
F,6779
M,9138
M,5440
F,7443
F,9880
F,7657
M,5418
M,9933
F,7925
M,8522
F,7569
F,5111
F,7460
M,7769
F,9036
F,6574
M,9390
F,6881
F,6018
M,7018
F,8660
M,6861
M,9556
F,8776
F,7437
F,7477
F,8812
F,7647
M,5506
F,5092
F,8735
M,8337
F,9750
M,8442
F,8424
F,6656
M,5411
F,6476
F,7706
M,7048
F,7750
M,6055
F,9133
F,7494
F,9473
M,7980
M,9952
M,8995
M,6425
M,5877
F,9524
M,6544
M,6075
M,5155
M,6461
F,9893
M,5389
F,7529
M,6839
M,8275
F,8389
F,6912
M,9071
M,8382
M,9123
F,9139
M,9985
F,5539
F,7271
M,8334
F,5817
M,9350
M,5207
F,5387
F,9462
M,6345
M,7630
F,6451
F,9325
M,6441
F,7069
F,5694
F,9454
F,7778
M,7943
M,6892
M,6098
F,8364
F,8298
M,6735
M,9366
M,9911
M,6029
M,5740
M,5293
F,7644
M,6302
M,9464
M,9597
F,7461
M,6311
M,8115
M,5096
M,5754
M,8863
M,9006
M,7019
F,9420
F,5004
F,7308
M,6261
F,5058
M,9854
M,9692
F,6933
F,8758
F,8962
F,7963
M,7944
M,7433
F,9351
F,6654
M,6355
F,7399
F,9519
F,9149
M,5242
M,6942
F,8413
M,8921
M,5056
M,8057
F,6718
M,8079
M,6119
M,5657
M,6567
F,6302
M,8744
F,8770
F,8395
M,7839
M,6397
M,9525
M,9115
F,8995
M,5508
M,8218
F,6506
F,6367
M,5246
M,6249
F,9903
M,5508
M,8105
F,9494
M,6575
F,7927
F,8153
M,8798
F,9734
F,6044
M,6715
M,5849
M,9343
F,7497
F,9595
M,8386
F,9131
M,7558
M,5766
M,7306
F,5106
F,5210
F,5099
M,8340
F,9192
M,5632
F,6954
M,9236
M,8343
M,6815
F,5885
F,8029
M,6547
M,6095
M,8758
M,9244
F,6439
F,7345
F,7794
M,9347
M,6297
M,7210
F,9278
M,7544
F,8218
M,5506
M,9360
F,5356
F,7098
M,6157
M,9300
F,9890
M,6986
F,6444
M,6660
F,9333
M,7609
F,9881
F,7918
M,9051
M,7474
F,6927
M,7299
M,9819
M,8873
M,7673
M,8209
F,9219
F,7297
F,5688
M,6735
F,7821
M,6828
M,9053
F,5260
M,7557
M,9412
M,5927
F,6258
M,5182
F,9110
F,5998
F,6231
M,9427
M,8478
F,7141
F,9703
M,8261
M,6225
F,7770
F,6762
F,8578
M,5392
M,5385
F,6220
F,7983
M,9229
F,8997
M,5062
F,7341
F,7455
F,8642
F,6699
F,6325
F,5175
F,9394
F,6359
F,9438
M,9529
F,8787
M,8047
M,6979
F,8823
M,8645
M,8148
M,7198
F,5210
F,6316
M,8243
M,5792
M,6644
M,7096
M,8999
M,9080
M,5182
F,8108
M,6866
M,5149
M,9323
F,7343
F,7534
M,5192
F,7418
F,6174
M,8044
M,7269
M,7823
F,9268
F,5663
M,7559
M,8293
F,6042
F,9445
F,6288
M,6930
F,6107
F,6685
F,7082
F,9556
M,5927
M,7498
M,7212
F,6210
M,8189
F,9844
M,5078
M,5373
M,6188
M,6447
F,9041
M,7686
F,9478
M,8205
F,8142
M,6028
F,9319
F,9867
F,8991
F,6842
F,5902
F,5978
M,9082
M,8224
M,6716
F,8135
F,5807
M,7297
M,6101
M,7073
F,6165
M,5375
M,8276
F,5923
M,6143
F,8603
F,8633
F,9092
M,5585
F,9863
M,8878
F,6376
M,7364
F,5796
M,7594
M,6970
M,8315
F,6683
M,8558
F,7552
M,5504
F,6864
F,5354
M,5402
F,8212
M,5088
M,9352
F,5487
M,6666
M,5352
M,5380
F,7345
M,5912
M,7731
F,6880
F,7743
F,9936
F,6091
M,5766
F,6887
F,5903
F,7615
M,5284
F,7049
M,9494
F,6683
M,5294
M,7838
M,6065
F,7210
F,8079
F,7846
F,6080
F,6075
F,6206
F,9239
M,7468
M,9800
M,8930
M,8965
M,7306
M,8506
M,7191
M,5889
M,7684
M,9603
M,7145
M,8055
M,6763
F,6711
F,7480
M,9141
F,9329
F,5129
M,6028
M,7534
F,7495
F,9129
F,5988
F,7747
M,6655
F,9141
F,5124
F,8977
F,5661
M,5328
F,7466
M,9088
F,5669
M,6396
F,6235
F,5015
M,6787
M,5348
M,6960
M,5693
F,9304
M,9158
M,7684
M,7910
F,5938
M,8678
M,6701
M,6227
M,5774
M,7912
F,6303
M,6219
F,8419
M,8238
F,7651
M,6390
F,6046
F,7526
F,7087
M,8753
F,7639
F,8135
M,7901
M,9021
F,6090
F,6954
F,8724
M,5606
F,8989
M,6057
F,9733
F,9032
M,5872
F,7361
M,7890
M,6267
F,9195
F,9741
M,9809
M,6108
F,9335
F,6468
F,5481
F,6782
F,6196
F,6793
M,6353
M,8374
M,8952
F,7660
F,9906
M,7877
M,9243
M,5471
F,5234
F,7148
M,8370
M,5108
F,7310
F,7538
M,6180
M,8400
F,5695
F,5561
F,9233
F,5050
M,6008
F,7166
F,6792
F,5786
M,6720
M,5273
F,5523
M,5834
M,6178
F,5927
M,9470
M,6863
M,9507
M,9160
M,5927
F,9848
M,5975
F,6783
M,8589
M,7540
F,6672
M,9526
M,5202
M,6536
M,5072
M,6878
F,8458
F,6151
F,8734
F,7458
M,7466
M,7031
F,7746
M,5676
F,6562
F,7569
M,8668
M,7235
F,6872
F,9300
M,5711
M,9105
F,9792
M,8788
F,6154
M,7072
M,6032
M,6654
M,5266
M,7821
M,6705
M,9342
F,6045
M,7073
M,8721
M,8784
F,7967
F,8843
M,7023
M,5126
F,8620
M,5528
M,5780
F,9717
M,5289
M,7674
M,9597
F,9134
F,8268
M,8981
M,6584
F,9912
F,6497
M,5132
M,8395
F,9450
F,5436
M,6941
M,9576
F,5913
F,6260
M,6366
M,6088
F,8111
F,7446
F,7961
M,8448
F,8126
F,6431
F,9681
M,8459
F,5265
F,6766
M,5593
M,8586
M,5133
F,5323
M,8718
F,8316
F,9763
F,9071
F,9955
F,7615
M,9178
M,6824
F,7139
F,7722
M,6100
F,6574
M,5706
M,6763
M,5639
M,6473
F,6762
F,7337
M,6652
M,8266
F,9118
F,7187
F,6454
M,6001
F,5397
F,8765
M,7545
F,6918
M,7053
M,6410
M,5808
F,6602
M,7928
M,5693
M,7039
F,8347
F,8799
M,5822
F,5814
M,7016
F,8995
F,9384
M,5748
M,7744
M,6401
M,8961
M,6932
F,8784
F,6442
M,8393
M,6614
M,7972
F,7515
F,8164
F,5141
F,6162
M,5295
M,7779
M,9296
